repo,merge,commits_p1,commits_p2,files_p1,files_p2,overlap_files,overlap_ratio,authors_p1,authors_p2,churn_p1,churn_p2,conflict_files,code_conflict,label
activemq,307c0293856c00cf430804a26840dc962c3ab26e,10,1,22,2,0,0.0,5,1,599,23,,0,0
activemq,c2ebea7e2eabb52e7066d23cc97b86d4dac143e5,2,1,1,8,0,0.0,1,1,8,205,,0,0
activemq,a5962478eae9c8164dc7f23831c830c4ee600b74,3,1,10,1,0,0.0,2,1,57,93,,0,0
activemq,1a10be8fd70c91a4f5f94cc0df21aa6dd58fd045,3,1,4,3,0,0.0,2,1,43,115,,0,0
activemq,d008a1d188ad3144f82b8b09fc6d9df24c66d17a,1,1,5,1,0,0.0,1,1,477,2,,0,0
activemq,79f28c5aa3b5e461ee949b397ceb6ae010e6607d,2,1,74,1,0,0.0,1,1,1055,7,,0,0
activemq,78ee3434256b59138b948b43db9e232f9c4ddcf5,2,1,1,1,1,1.0,2,1,2,2,,0,0
activemq,47b5286d72b3b112915bfb5ed5fda25e126cba5a,13,1,5,1,1,0.2,3,1,139,2,,0,0
activemq,4e14a4cfd1cd6cfea5b1cdb0e8d6ddc7f4c7e541,1,10,1,5,1,0.2,1,3,2,137,pom.xml,0,1
activemq,2108301fae215e005a194a35fadad60c39c249e8,8,1,5,1,1,0.2,3,1,135,2,,0,0
activemq,7ef19ab9a3a7d7bf1672248c0189c69a06623ba9,6,1,5,1,1,0.2,3,1,133,2,,0,0
activemq,3fd5f1a65b5ce3006c1448f5d7c736d3e5f42e6d,23,1,77,1,0,0.0,4,1,4635,20,,0,0
activemq,84fdc659324c173cd2da7aed485aae9617ffc7a1,2,1,4,1,1,0.25,2,1,111,2,,0,0
activemq,fb52acb84418eba7d9292d9926fa14a82ad2c300,4,1,15,6,0,0.0,1,1,2582,44,,0,0
activemq,a4a42277d1b69273652d8cb1e326ff90f4ad1399,2,1,30,1,0,0.0,1,1,1015,8,,0,0
activemq,ca7eaeb8049f605db7be6252efa17b48ca6c961d,6,1,1,30,0,0.0,2,1,6,1015,,0,0
activemq,b271fa82f2d102862ee8f5be5b795f3a0ab4c331,4,1,1,1,1,1.0,1,1,4,2,,0,0
activemq,27dc2812260120fbecf7d5d5efddb42c2deb5c7f,2,1,1,1,1,1.0,1,1,2,2,,0,0
activemq,5cb8cca32a73dffe64a4b48452659f5e2c73d028,19,1,12,4,0,0.0,6,1,155,65,,0,0
activemq,322c84d5c223986ad5b6ba810b38c5ac0fd2abc3,136,1,61,5,0,0.0,13,1,1645,22,,0,0
activemq,04c367a6907da74da870ed48b96533e168fe21a3,5,1,2,1,1,0.5,2,1,71,2,,0,0
activemq,82bb04c22387add2bb680f810f57d14217d4c8a6,1,1,1,1,0,0.0,1,1,67,2,,0,0
activemq,645dd999644c49a0b28b3dbda3b04c7098fafc54,4,1,2,1,1,0.5,1,1,45,2,,0,0
activemq,aa3e8e7de2307eea6b2d31b50dd9d68155beec89,2,1,1,1,0,0.0,1,1,43,2,,0,0
activemq,aa842da2873739280fc2e786705c53ba00e64fb8,2,1,1,1,0,0.0,1,1,2,4,,0,0
activemq,a621df7affc0ed28d4616768873ddc912cc82c11,2,1,5,1,0,0.0,2,1,188,2,,0,0
activemq,be1856cace0128a3f5fc425002553914943fc4b9,116,1,64,5,0,0.0,11,1,2164,188,,0,0
activemq,871f9424372baf7e6a442ebe3f08d60d6535dce4,6,1,2,1,1,0.5,1,1,8,2,,0,0
activemq,13b6d299286246bf46787e172c5a8d73dd41ff37,4,1,2,1,1,0.5,1,1,6,2,,0,0
activemq,c60bb18d29575d46f27f0e04a537323b2731c36e,2,1,1,1,0,0.0,1,1,2,4,,0,0
activemq,e0469d39916553655f5e3d61aca53f07dd595044,2,1,1,1,1,1.0,2,1,2,2,,0,0
activemq,ea713b16e4284599eb4537bcef3cf032b26dfe06,12,1,1,1,1,1.0,2,1,12,2,,0,0
activemq,975307790807b2fcb26fa74b7f73c578129803ce,10,1,1,1,1,1.0,2,1,10,2,,0,0
activemq,eacb30f5c3395d0ac62fdc4a61a3fcc78e4d447c,8,1,1,1,1,1.0,2,1,8,2,,0,0
activemq,6ada8021b6c02e66e5fb5e07ad37420bd5ddf730,8,1,1,1,1,1.0,2,1,8,2,,0,0
activemq,4ac88314b9f7944d05cdb07b510d742150eddb23,6,1,1,1,1,1.0,2,1,6,2,,0,0
activemq,7b680fb38cdd8c3b9caf569aa81476f6b1bef9b7,8,1,1,1,1,1.0,2,1,8,2,,0,0
activemq,19f93a007480b66b471db0297fb78470511eb4cf,6,1,1,1,1,1.0,2,1,6,2,,0,0
activemq,d83cbbccb86175dba94a11469a982e4f69134649,4,1,1,1,1,1.0,2,1,4,2,,0,0
activemq,7ee0999bd553fde6821c8a42427d9af7d08ba82e,2,1,1,1,1,1.0,2,1,2,2,,0,0
activemq,b8764242d36921f6623de58455c20123982ed436,2,1,1,1,0,0.0,1,1,2,2,,0,0
activemq,5b93d2481ce9273d4bfdd1deba6ab8136f9441d0,7,1,6,1,1,0.1667,3,1,151,2,,0,0
activemq,6ce1b449989d4fca98a7522cb147bd360a8a4f17,5,1,5,1,0,0.0,3,1,149,2,,0,0
activemq,fd7f4839972f093d8861787ea47ac32f20fb4eaa,74,1,61,2,1,0.0161,10,1,2025,117,,0,0
activemq,4ff78ddab993d62408c8e63ce63a63d5757fe039,3,1,1,1,0,0.0,1,1,6,2,,0,0
activemq,5834065ab97af44b3baf74b55f048146d178c7ee,19,1,4,1,1,0.25,4,1,56,2,,0,0
activemq,6ef9d63710eebc7d867c123c9486d9b3d98cb45c,17,1,4,1,1,0.25,4,1,54,2,,0,0
activemq,317d3542b390bacc47edd5c2dcc1baa56c4329b6,15,1,4,1,1,0.25,4,1,52,2,,0,0
activemq,93d80a5caa9c91c7c8f690f97f95c2bf9d752797,13,1,4,1,1,0.25,4,1,50,2,,0,0
activemq,0bb56c8f9e1acecf520ad0363f64ad7315b76b80,5,1,3,1,0,0.0,2,1,43,1,,0,0
activemq,f3d6b7e36438d2a3acfcb5c8e29f897f5cef4ecb,9,1,3,1,1,0.3333,3,1,47,2,,0,0
activemq,f1bd80541c0f46066e0e8b08db3d8a3835d491d8,3,1,3,1,1,0.3333,2,1,41,2,,0,0
activemq,5debe1faccab7ef384852c678457f1120513c05d,6,1,1,1,1,1.0,2,1,6,2,,0,0
activemq,a6eaa8579969df3b2cc240953b152925f42dd76b,4,1,1,1,1,1.0,2,1,4,2,,0,0
activemq,88655e611277d356e946bc70db52507740f0bd2c,2,1,1,1,1,1.0,2,1,2,2,,0,0
activemq,216d73fcb5dc430e496c9b2312560a2de3790f97,7,1,8,1,1,0.125,3,1,199,2,,0,0
activemq,0e0c0f32616230ad9e3f85d34ec13518d6ac698c,7,1,8,1,1,0.125,3,1,199,2,,0,0
activemq,dc6960de9145755ab8f566274b77f2c87565a92e,11,1,7,3,0,0.0,4,1,76,131,,0,0
activemq,2ee8700ff3a6778955450f1fbb8dd075bb17f43e,11,1,6,3,0,0.0,4,1,135,60,,0,0
activemq,2fc07ac39a4adb23d0c549348ae7b4efeb5c3dca,5,1,4,1,0,0.0,3,1,126,5,,0,0
activemq,6b6f5fbe24550452cd09aab9c4d7094cf782a04f,2,1,1,1,0,0.0,2,1,2,3,,0,0
activemq,4a0bb48881001424f945b0fd0b42e625142078dd,2,1,1,2,0,0.0,2,1,6,7,,0,0
activemq,0e24799687ccdc7be671c433ef0a3eed8de10194,2,1,1,1,0,0.0,2,1,4,2,,0,0
activemq,645e2b084aa501b022f649b21f5789b720554c9a,9,1,10,1,1,0.1,2,1,767,2,,0,0
activemq,7aad5eaaa3493cecbeb780669330915934daaa9c,7,1,10,1,1,0.1,2,1,765,2,,0,0
activemq,27e2614452865de97baae9697c9a22cfb56cc5cf,5,1,10,1,1,0.1,2,1,763,2,,0,0
activemq,9d11e0d7e96c4871e190d0c99aa0f3cdc8ffb8db,4,1,1,1,1,1.0,2,1,4,2,,0,0
activemq,6bdb8e26e061318b5b4f28fb4f66586471b7177b,2,1,1,1,1,1.0,2,1,2,2,,0,0
activemq,789ca4939de5492377c761a0aca6d0bcb4c205dd,8,1,1,1,1,1.0,1,1,8,2,,0,0
activemq,50ea73f1d5788ba1b216f7bece4580b8033c1759,4,1,1,1,1,1.0,1,1,4,2,,0,0
activemq,814871a0488e677957b546e4fdb148d60ed79afe,2,1,1,1,1,1.0,1,1,2,2,,0,0
activemq,d1ab8ef93d8807faf4fb5c9d28fb0a5a2c5b015d,4,1,3,1,0,0.0,3,1,194,2,,0,0
activemq,85f82035cda1bca7ee7acb22b015d2965e37c676,4,1,2,1,1,0.5,2,1,4,2,,0,0
activemq,17aaff3709683a8accf626388f32816d1ec7e8b3,2,1,1,1,0,0.0,2,1,2,2,,0,0
activemq,0f520f1e2744f2d3938202b6d62df1e667cd375f,2,1,1,1,0,0.0,2,1,144,2,,0,0
activemq,986cd7c52b582bf2613f02b1fbc742a5e8fa1feb,12,1,45,1,0,0.0,4,1,346,144,,0,0
activemq,b39e64f2582045b92f17a53e03000b0e63c27801,2,1,1,1,0,0.0,2,1,4,2,,0,0
activemq,f6d067a49aa0f7aea18afa7738d60f9d15eeafa9,4,1,4,1,0,0.0,2,1,60,2,,0,0
activemq,1c3c1289bbc4a4d4b6e7030210cf9dc6d2e2f038,6,1,5,2,0,0.0,3,1,216,7,,0,0
activemq,78d95552338db1be2b95fc5c2fdd4eae8d045458,8,1,5,2,0,0.0,5,1,39,158,,0,0
activemq,f90c10df8e140ab97aaa42eb18107e8a18b80c8b,15,1,44,1,1,0.0227,4,1,122,5,,0,0
activemq,04e84afa891123ead07dbccb0b21f0ca80666e65,4,1,3,1,0,0.0,3,1,9,25,,0,0
activemq,d0dac1792692df34a94cdd89edfba64df2c1aa2b,2,1,1,2,0,0.0,2,1,2,7,,0,0
activemq,a611b143da8af7beb6dd2a96088332ea6bc678cd,2,1,1,1,1,1.0,1,1,2,2,,0,0
activemq,3f2b2ba0aedd0d26d52b47c29d60552534ad4bfe,6,1,1,1,1,1.0,1,1,6,2,,0,0
activemq,84204f4c96a393554530b687bb9358b57be109a4,4,1,4,6,0,0.0,3,1,65,12,,0,0
activemq,45bce62d05edf06726a5da2f3202ee2f01f65394,8,1,7,2,0,0.0,4,1,54,24,,0,0
activemq,d347f47b66ab3ecd5e85b23def000fac3fec6876,4,1,5,2,1,0.1667,2,1,11,41,,0,0
activemq,dbe995642d22be8eec14c3a7d52ddbb08da5069f,2,1,4,1,0,0.0,2,1,9,2,,0,0
activemq,544687465b677670151ce72f633f3cb4b0efd00e,2,1,1,2,0,0.0,1,1,11,19,,0,0
activemq,b08f65d48c297ba2229071db6bd39f2a7b61b7a1,2,1,1,1,0,0.0,1,1,17,11,,0,0
activemq,a2fa43359e189617461c6216caa9312e6987143b,16,1,9,1,0,0.0,2,1,96,23,,0,0
activemq,dcb660f7fc0c221a7a1a620909bbcc614288b790,14,1,8,1,0,0.0,2,1,90,6,,0,0
activemq,6546dd1b8b17b0dda35babd57042707cc0d7065f,12,1,7,1,0,0.0,2,1,74,16,,0,0
activemq,51965401bc5fa7615c1f9ed5c206823d98fec92f,8,1,7,1,1,0.1429,2,1,70,2,,0,0
activemq,7d4adf9e0eaf8670a2756f6140a750a7ce437f0d,6,1,7,1,1,0.1429,2,1,68,2,,0,0
activemq,ff360abf431a9ebbdadeb43e82e741165bdaa1ff,2,1,1,1,1,1.0,1,1,2,2,,0,0
activemq,85eb0f2df8b83cf1bae89e9727f7bac090af7e38,6,1,10,1,1,0.1,4,1,243,2,,0,0
activemq,c549d70800e5fb2115715edd5ea5c04f6a1c79c4,4,1,9,1,0,0.0,3,1,241,2,,0,0
activemq,99dced2fa74f3ace8ede94b40fdb27fe81a98fa7,50,1,82,2,0,0.0,10,1,999,154,,0,0
activemq,1e37fe64e8914dd2a330de3d8ca446c76742b25a,2,1,1,7,0,0.0,1,1,2,87,,0,0
activemq,a2bf5b8adb8669a1fa020519cfd9a0fdae2f8787,2,1,1,2,0,0.0,1,1,2,25,,0,0
activemq,aeab06e93e40d3a3ec198dc537388326832ff270,2,1,3,1,0,0.0,2,1,7,3,,0,0
activemq,4baf997a3c805b24c9d9b94ab8620d815e84db69,2,1,1,1,1,1.0,1,1,2,2,,0,0
activemq,58867f7c3cef580134cb4e32e2f9086552c1876a,10,1,47,1,1,0.0213,4,1,188,2,,0,0
activemq,dcf86d391640b0292d0609412b67ab363b17b5a0,8,1,44,3,0,0.0,4,1,111,77,,0,0
activemq,3132858aecb5a36defb8152192d19cc441b0fc02,5,1,4,1,0,0.0,2,1,25,2,,0,0
activemq,98c62f6568c152122e25536f4dc2ba6df07325c7,4,1,43,1,0,0.0,3,1,105,4,,0,0
activemq,d0e2cce18f0e5541c062ef83a2a53af205131089,2,1,43,2,2,0.0465,2,1,100,5,,0,0
activemq,9aedca0067df977ac1a2c7c2655532bfc4d1d741,5,1,3,4,0,0.0,3,1,18,104,,0,0
activemq,fb379997c6fc1201c2cf71b3d1f1dfb3c3a1bd3b,4,1,2,1,1,0.5,2,1,4,2,,0,0
activemq,d23da10da80c37d01a42af1f8347193ba2baae22,5,1,3,1,0,0.0,3,1,8,2,,0,0
activemq,5d693d1c1d1a997a83eaec532839165f75702b52,3,1,2,1,0,0.0,2,1,6,2,,0,0
activemq,ca35e5921cf6da481ad2e2fb91be2a839f4f00ec,9,1,8,1,0,0.0,3,1,372,4,,0,0
activemq,18c74769dc55bdec93000b43be960172fa0a8f38,13,1,14,6,2,0.1111,2,1,222,364,,0,0
cxf,10ee0f1419b8c63a0d7412103ea4224215dab11f,6,2,9,2,0,0.0,3,1,60,205,,0,0
cxf,315eb6da4a0c7af09f55beaacc26cd77e3edd3c7,1070,1,1618,3,1,0.0006,36,1,32674,20,,0,0
cxf,12157306906b8daa33a868549c563949fc9bf0fd,580,1,1414,3,1,0.0007,14,1,17616,11,,0,0
cxf,e8cc4610d630b465fbabf1456268a092a2fc0491,27,1,29,8,0,0.0,7,1,433,127,,0,0
cxf,73362d5cc205ebd08ab8f6b50452b7e5c59378fe,1,1,9,3,0,0.0,1,1,52,211,,0,0
cxf,02886aae9bea932a87ac4d2afa7ddb4b53c153a6,1,1,2,4,0,0.0,1,1,9,22,,0,0
cxf,bc5905727f2ed2a28bcfcd3bcbe2775adb819cf7,1,1,1,3,0,0.0,1,1,6,7,,0,0
cxf,8039f641f03b3470dddb4ad2dba9c706754a32d5,1,2,2,2,0,0.0,1,1,28,12,,0,0
cxf,b2731a63ba28655aff76a39aa42162cfeb5a485f,2,1,1,1,0,0.0,1,1,4,56,,0,0
cxf,63fd5606b8ba94ccbac2bfe5189e61be35ac83b6,2,2,3,8,0,0.0,2,1,91,163,,0,0
cxf,d8e1317707203fd4b84ea9f93dca6d34a602e21d,1,1,1,1,0,0.0,1,1,94,1,,0,0
cxf,c56271ef4e6459c2899a6766cd0b5deaa164317f,64,1,75,1,1,0.0133,10,1,3175,5,,0,0
cxf,248c7da3183e9f061adc4c31f972d076a4221cda,1,2,2,3,0,0.0,1,1,6,115,,0,0
cxf,9d11427a238226236db50a38b557e56708f1059d,2,1,5,2,0,0.0,1,1,98,220,,0,0
cxf,218c83b502a8b339731518d099457307c6d8d6ef,2,2,8,7,0,0.0,2,1,324,903,,0,0
cxf,722b6a044466bbed8c0ef665127ee360bc5d0120,1,1,1,1,0,0.0,1,1,17,2,,0,0
cxf,ccd7a7c1d55ee4cee0e148cba83273bc02f29a24,8,1,12,3,0,0.0,3,1,84,41,,0,0
cxf,70133ba0d7b7d4d7dd173d8e4ce4247376cb512b,6,1,9,3,0,0.0,1,1,145,36,,0,0
cxf,4a8d90e6a247f6713180df8ec6a4715c164f60dd,39,1,338,1,0,0.0,5,1,3926,16,,0,0
cxf,59856f3dfe02f734c563aa0a37c32ebb57819eee,12,2,37,2,0,0.0,5,1,914,23,,0,0
cxf,51707c7c25b3e4f7e67704688e48e4894896b5ed,4,1,7,1,0,0.0,2,1,43,31,,0,0
cxf,9897b1cc13058cbbf0eceb001665fb11c34b88af,2,1,1,11,0,0.0,1,1,4,640,,0,0
cxf,7340f82e6aa4ed75e51a3ecb6ae0fa2a0fa229f3,9,1,54,13,0,0.0,5,1,3679,704,,0,0
cxf,cb60a4d794df79f6d0901e44d3eafa3d6bc8fd0c,2,1,2,3,0,0.0,2,1,4,12,,0,0
cxf,b3b7e59b35a3ca85200e7603b85a2fc84b65b2bf,3,15,11,10,0,0.0,3,1,119,474,,0,0
cxf,f337f255ba41ac607f558c0d36b3f8db2f8fba89,14,39,10,65,0,0.0,1,7,474,1155,,0,0
cxf,b8f66bb7c77125560d8d4091ac77258d79401613,6,19,10,32,2,0.05,1,5,461,591,rt/features/logging/src/main/java/org/apache/cxf/ext/logging/AbstractLoggingInterceptor.java,1,1
cxf,77d15448c44353aad897a4c861723e687fbad70c,1,1,2,1,0,0.0,1,1,26,2,,0,0
cxf,8d216eefc5cbf7ff3501c128bba5bee446d721a8,10,3,18,10,1,0.037,6,1,376,166,,0,0
cxf,b8e24192378aa2b9bd8110186673d8904f6237d5,3,2,3,6,1,0.125,1,1,12,108,,0,0
cxf,296fd745d6f4e47a1404fc6521ddd80e16af8677,1,3,2,14,0,0.0,1,1,67,908,,0,0
cxf,55de869117d93853e5dccaee878e86a38d6f057b,3,7,4,18,1,0.0476,1,3,77,109,,0,0
cxf,0a62ccf4d93a04e5c495b27e744aebe0a74980f4,98,2,231,6,0,0.0,11,1,6614,167,,0,0
cxf,dc7cbfbae302d6b0519174ac1c38ffa1e687548a,1,2,1,1,0,0.0,1,1,2,22,,0,0
cxf,700f95cbaac85b3965297e3d2533d8d36672ec8d,4,3,8,12,0,0.0,3,1,209,467,,0,0
cxf,d9dea3e07e1f2ba5d43768313232f205c90e8b29,1,1,2,1,0,0.0,1,1,473,4,,0,0
cxf,6fabd55129e5bf6c0768a61aa649411dfdd98ddd,14,18,64,29,2,0.022,7,4,1661,368,,0,0
cxf,32e264f539c4c9250cf2f98f86ac94ee25cda5e7,2,1,15,1,0,0.0,1,1,96,2,,0,0
cxf,ebf621e8b4cb3c8fc2ce64d23bf615e4a6d922b9,2,1,0,17,0,0.0,1,1,0,1398,,0,0
cxf,96cdc143498a4935b999616653e4e4ad42f0c0f8,13,22,12,79,4,0.046,4,6,158,1282,parent/pom.xml,0,1
cxf,4926f24d8ef4857430f7f20d8180f8e2941f74b8,12,3,12,11,2,0.0952,4,1,158,30,parent/pom.xml,0,1
cxf,544604a95d423c9f4325618dae09240d75afaa09,11,208,12,605,5,0.0082,3,24,160,21977,parent/pom.xml,0,1
cxf,ab708ae4c90b2e944ca48228206b76f5fa831778,320,1,1003,3,0,0.0,26,1,28370,169,,0,0
cxf,bf81196008d0ba72ac37e5704e3b65417eaac0e7,6,10,53,20,1,0.0139,1,2,1071,1105,,0,0
cxf,bb6a56e4542ca07981a3e931ec9d5ee490348fc2,8,33,15,356,3,0.0082,2,7,1095,2602,,0,0
cxf,6c5dea29d4415b3de0836fe5e10cac8964271afc,23,1,152,3,0,0.0,8,1,2045,26,,0,0
cxf,d99a1d8023e4827ed3ad0da61291f0f3089eb5bf,4,2,9,2,0,0.0,2,2,382,10,,0,0
cxf,aa1fdd031cd52578c5ac2a8e618dc1aee7241945,1,1,1,3,0,0.0,1,1,16,6,,0,0
cxf,4f403903bc44d42a87872d4cd0e48967847c8c80,7,1,11,1,0,0.0,2,1,224,10,,0,0
cxf,5addbf920c2f5a242a22ecd705911c2a278f8f02,19,2,100,1,0,0.0,4,1,5220,8,,0,0
cxf,9c553151f94f2589ec759ff29f83a53b16a53f3f,1,1,7,40,0,0.0,1,1,13,4522,,0,0
cxf,37fecc9e80f22ae2ee3ad83919e11851bb21ebf7,1,2,2,1,0,0.0,1,2,16,28,,0,0
cxf,b7dad93a24e00fd18d28db72951b704de1ef8271,1,5,1,30,1,0.0333,1,3,5,710,,0,0
cxf,2e3a749fb70628699155502c0714e8ea13d7567f,1,7,1,206,0,0.0,1,2,5,971,,0,0
cxf,5cae97285027cdebab8f77698a272c0db98a846c,3,3,187,24,5,0.0243,1,1,404,567,,0,0
cxf,b688cf6273da4db0f44f47d0742bcfa65b4eb854,2,1,4,1,0,0.0,2,1,33,2,,0,0
cxf,b587b41e8f16a709d5e4064b157055f4dc6b9399,1,1,1,4,0,0.0,1,1,2,33,,0,0
cxf,145b7ec034ea121c743f3458e6f7cea74b4904d9,1,2,6,1,0,0.0,1,1,493,5,,0,0
cxf,0ac8f73cd3cc1fb56a3a510fb7c32a458312455d,9,2,14,1,1,0.0714,3,2,325,61,,0,0
cxf,0ac9c1494f095aa0ed608b7ad511683d5a86d5c7,5,1,7,1,0,0.0,1,1,233,31,,0,0
cxf,18c663e881871c5fbb9dc4f6f2a9105e4b782a6d,5,5,23,5,0,0.0,3,1,540,130,,0,0
cxf,1f3d8225ebbfe560a404be32ce3ce908372fbab9,1,2,14,3,0,0.0,1,1,288,6,,0,0
cxf,40b98145c36d4f510e45824c45f8243147316e6a,4,5,13,2,0,0.0,3,1,333,100,,0,0
cxf,d00ec746daa06be71e05c70158f89763911c8892,31,2,142,1,1,0.007,4,1,3060,18,,0,0
cxf,3edd5a9629a3172dec81b136b2291aee84f1f3fe,1,1,13,1,0,0.0,1,1,954,18,,0,0
cxf,1b38b8a8ed2bf3192bc0920e1c2215d8076d1aa1,11,4,60,5,0,0.0,4,1,1520,86,,0,0
cxf,cd3741fd162b4704c1bee7ac485f2ee0310177ed,2,1,37,1,0,0.0,1,1,125,1,,0,0
cxf,b63a8fd9dc2f0aef97f99992cfa5a44b7126e597,6,1,207,1,0,0.0,2,1,1121,4,,0,0
cxf,5bb01b745968b05a0fba3dd5272c493a778249f4,1,1,1,1,1,1.0,1,1,4,2,,0,0
cxf,06699335af86ef4769587945170f8ff6fadbee5d,58,1,92,25,0,0.0,8,1,2556,1347,,0,0
cxf,9c413045b2bd4dd11e3f2a54ef85a1d015bcc850,66,35,876,33,1,0.0011,11,2,11325,1727,,0,0
cxf,2a43acfe9e058fce9d525a542c02713bfbf96912,76,4,2070,13,1,0.0005,10,1,21035,290,,0,0
cxf,7803d9afff00b60711ebfadc12aa51ca2ebc9689,51,1,1373,2,1,0.0007,7,1,13325,30,,0,0
cxf,0f975b0d92f2c34ccadae84ce58aac1b8d675472,15,21,34,821,7,0.0083,2,4,1715,7272,rt/rs/security/http-signature/pom.xml;rt/rs/security/http-signature/src/main/java/org/apache/cxf/rs/security/httpsignature/MessageSigner.java;rt/rs/security/http-signature/src/main/java/org/apache/cxf/rs/security/httpsignature/MessageVerifier.java;rt/rs/security/http-signature/src/test/java/org/apache/cxf/rs/security/httpsignature/MessageVerifierTest.java;systests/rs-security/src/test/java/org/apache/cxf/systest/jaxrs/security/httpsignature/HttpSignatureFilter.java,1,1
cxf,550ca9107d794365c4b85581e1433a821bc1ca1c,5,4,22,22,0,0.0,2,1,684,847,,0,0
cxf,4e4922ad8bf583ad32833856a081aed213774d42,2,3,2,4,0,0.0,1,1,4,10,,0,0
cxf,1f503ddb89a63deb29565fc51fdfcafbeb30b68e,7,1,12,3,0,0.0,4,1,448,85,,0,0
cxf,5eb8c3f59473f3d06d7c696aa9c75c430f014721,54,1,420,5,0,0.0,10,1,10324,57,,0,0
cxf,4835e3286bea87afe26843c091a92f44dde9c01c,1,1,1,1,0,0.0,1,1,6,21,,0,0
cxf,b0755d060be16e806c19b1ccb627b0061376e83b,1,1,1,82,0,0.0,1,1,4,455,,0,0
cxf,0b389ba00e7064d8e0d9b4470aa16964f64a57e9,4,1,5,1,0,0.0,3,1,13,2,,0,0
cxf,e5c6c9393a1adee74ad06b38239d30467b28fe71,1,1,2,1,0,0.0,1,1,34,8,,0,0
cxf,19ee1065be6463a83fa79f34187527e8af242a93,1,1,2,5,0,0.0,1,1,42,23,,0,0
cxf,39ae7d507f5a1454448971ff2cc58be8e7f5bcf1,1,1,2,95,0,0.0,1,1,100,333,,0,0
cxf,5f034e1df4793b2d384ece16be447aad2ee562b7,5,1,588,1,0,0.0,3,1,2193,26,,0,0
cxf,952459d609f9b5773067bd4b05582d9021b442fd,3,1,5,3,0,0.0,2,1,155,224,,0,0
cxf,1bea8686b3183009c9d506cb06acd30b6c4f2523,23,1,70,2,0,0.0,7,1,1165,3,,0,0
cxf,dcb401e5c524036fb1b610ddd39b2cad38ba5fca,1,1,1,2,0,0.0,1,1,15,26,,0,0
cxf,a97a7c378d8bf12f1ffb0354d94c745c3eabd8be,1,8,34,5,1,0.0263,1,2,104,43,,0,0
cxf,c8ccf31b23b7a188e9530e79c02265f2dc5af18b,5,2,3,2,0,0.0,2,1,183,84,,0,0
cxf,a2e746c6588dbc7ffa9f2d3bdd5c73d74dcc1d71,1,1,10,1,0,0.0,1,1,97,2,,0,0
cxf,3a729b0ed271a847ca6eaec2d4acba64a9f1399e,7,1,14,2,0,0.0,5,1,99,85,,0,0
cxf,7b585fabbbe4e77ec632e63f477f767f4505c7af,13,1,49,1,0,0.0,7,1,2051,6,,0,0
cxf,b6d2db2bf2682b71fc36cfec85b9f5673f0dcb5c,11,2,9,1,1,0.1111,4,1,104,3,,0,0
cxf,c7eee85aaebdfaae988adfcf8cc43206e568fda8,2,1,1,1,0,0.0,2,1,2,2,,0,0
cxf,e9acad25437e7273a823f32e299599ede9020df9,49,7,247,23,1,0.0037,9,1,11634,993,,0,0
cxf,f82e825cb42fd4efcd4e04eb5bae743218711033,1,1,7,11,1,0.0588,1,1,14,216,,0,0
cxf,e0441f616584cae8687fcf88aa670da6b9d2b7c2,1,2,71,6,0,0.0,1,1,1434,198,,0,0
cxf,ba70603bb7624b173273e8898629dea1c7e82570,1,1,1,1,0,0.0,1,1,8,2,,0,0
cxf,fc9431f92b938c365c1e0af2da47c2872dc682fb,3,1,5,2,0,0.0,2,1,66,45,,0,0
cxf,2711f972a8a7b03ce93562aa31e55f6e3b4491e9,2,1,1,1,0,0.0,2,1,3,20,,0,0
cxf,5f8ed2d2a53ac8160eadb82e4521398f805ccc83,51,1,304,1,0,0.0,19,1,6564,3,,0,0
cxf,3b6b16c97f48e6e841a4c2f08a4b81384b63a23e,2,1,2,1,0,0.0,1,1,8,595,,0,0
cxf,00f957b0eb6aeec3ae1a13a2be389b94091ca010,6,1,19,1,0,0.0,2,1,243,5,,0,0
cxf,a043ce731a67a491400f00da1586c47ffa5015cc,4,1,7,1,0,0.0,1,1,170,9,,0,0
cxf,c369fde1f0fd66e6d491cc2b315ebb14bd811b25,1,2,1,9,0,0.0,1,1,6,390,,0,0
cxf,1643d074271218151cf2a17cbc71e5322497dee0,3040,1,8122,1,1,0.0001,96,1,0,7,,0,0
cxf,1ca02221349e41d0473da3e3ec919485d189d41c,9,1,8,1,0,0.0,5,1,149,30,,0,0
cxf,846d6c701c152f93e10a63ff110fd358c304e5b3,14,5,29,5,3,0.0968,10,3,566,114,,0,0
cxf,639b96bb24ed12a08798a58e0f0ea06c9fd0528d,27,2,168,2,1,0.0059,8,1,1777,135,,0,0
cxf,7a68aa17ac20b3e518e5fbb372051606fd85431d,1,5,2,17,0,0.0,1,3,38,550,,0,0
cxf,30a6e5b5091d8feabb1eb8e27c08016b2c34b48c,1,2,1,10,0,0.0,1,1,18,371,,0,0
cxf,2fd0b2ed9286a77bc8cb5b83538b47bcc9c1a6bc,7,5,40,9,0,0.0,6,1,676,464,,0,0
cxf,6c15d8f9c864e5c11135390248434c01acf7d8ff,8,5,5,9,0,0.0,2,1,89,220,,0,0
cxf,1c91c2968efbb17d9dfb777a6703bdfec16bbbe2,1,2,2,3,0,0.0,1,1,40,10,,0,0
cxf,dcae47fac2c0e22994572e6744852070737223e5,2,1,5,1,0,0.0,2,1,85,8,,0,0
cxf,2aecfa9dbfb208e54bd9fd905470e5c2c863ed1a,4,1,5,1,0,0.0,3,1,48,4,,0,0
cxf,64184a57568edfb6a0341db0e6837e61609441a7,20,1,36,2,0,0.0,7,1,953,35,,0,0
cxf,edc0b1886086de2745c36101a3e79f5561cc482b,1,3,1,6,0,0.0,1,2,10,378,,0,0
cxf,388b202bc40a4697eb619ceaa6c651e5dd1cfc01,1,8,1,20,0,0.0,1,5,12,379,,0,0
cxf,c14acde99ea206151780093ff09da1bf5ddc905b,1,2,2,16,0,0.0,1,2,39,248,,0,0
cxf,57a8a8841ba4fcde6e8d782b48f2c73a8a20d32c,5,2,34,6,0,0.0,5,1,1032,230,,0,0
cxf,782371e380d2974881b4158d7809c77a6edd7724,42,1,1228,2,1,0.0008,12,1,4064,109,,0,0
cxf,1522fb246e4ccf1bb5359b34cfef79a9be37cfb6,4,1,3,2,0,0.0,3,1,11,5,,0,0
cxf,de5916a0ad7d5fa43ddde930f6572d56948691bd,1,8,1,1140,0,0.0,1,3,2,2168,,0,0
cxf,83b4f6844e8c071697c620a9543723e1c35930d4,2,1,4,1,0,0.0,2,1,281,1,,0,0
cxf,0fdcd4316f3fc44d3a323ed2a37151cf103b94bb,47,1,88,1,1,0.0114,10,1,3367,2,,0,0
cxf,e63890f7b191954dadeac929213c15a4566e079e,2,1,10,1,0,0.0,1,1,209,6,,0,0
cxf,804addfd6f85a589ae4ad930b30207b7eccff5a3,3,1,14,2,0,0.0,3,1,226,201,,0,0
cxf,3984faac0a3b4870f14b3aa43f1fdee3b7a63fd4,1,1,2,1,0,0.0,1,1,198,6,,0,0
cxf,786c42004971817f0eb406a5a934685c6574b007,3,1,18,2,0,0.0,3,1,373,4,,0,0
cxf,00a73dd200ee6b2df2bba96738b0641e4f59daf9,15,1,37,2,0,0.0,5,1,1101,124,,0,0
cxf,54b037ebca67a6108cf6dfb8dd78ac69c2174914,1,2,1,3,0,0.0,1,1,11,133,,0,0
cxf,03c608de6446f5a27e282ebfeb509daac8938fb5,1,1,3,4,0,0.0,1,1,4,59,,0,0
cxf,dfabb48baf89bb6728d7558938434bbad3a6c374,2,1,3,1,0,0.0,1,1,62,2,,0,0
cxf,f09bff99904c503b9630edd8ab10ca2b869ecc9b,1,1,1,20,0,0.0,1,1,6,1241,,0,0
cxf,031502b34abbdda1da06c20a256822167177c75d,5,1,6,3,0,0.0,2,1,72,15,,0,0
cxf,529a403a438210955ce5f4f75043f2587e81aabd,4,1,15,2,0,0.0,2,1,388,16,,0,0
cxf,f7cec5425861eff7eb69fb794a07e16e32e617ec,7,1,18,3,0,0.0,3,1,413,54,,0,0
cxf,4fa41c23cd766033545c24d64ce09b302abdc179,10,2,87,2,0,0.0,3,1,887,158,,0,0
cxf,a8a7fb40118154fd8f68a8f8c5faf7b218de04a4,2,1,1,1,0,0.0,2,1,18,4,,0,0
cxf,160eebb571d26d367b9e185a98c83d317bcd8321,6,1,18,5,0,0.0,3,1,162,112,,0,0
cxf,c50fcb670f9102bfed5e494ef8562afdd227a417,1,1,3,1,0,0.0,1,1,49,8,,0,0
cxf,fa404273d5272e069b92573a8d27f8f03da30f1e,1,8,2,20,2,0.1,1,4,8,77,,0,0
cxf,f8a3ab807c60ef7b7dc3047ff61410a5b76645ec,1,1,2,1,0,0.0,1,1,103,4,,0,0
cxf,472c37bcab01a476d283608a593484f308c39fc5,1,1,1,2,0,0.0,1,1,4,22,,0,0
cxf,cc3565f3e7737d6e4b048de5a14374afe1e8db54,1,9,3,89,1,0.011,1,3,12,955,,0,0
cxf,4a663dbab187172d809045c715c935349e4a110c,1,9,2,298,1,0.0033,1,1,33,2744,,0,0
cxf,d86a5597ae16fcf3df70e90982c762d6728a26f1,1,1,6,1,0,0.0,1,1,45,6,,0,0
cxf,da07e67588333ce6793f5f008400f74c0c94c582,1,1,2,1,0,0.0,1,1,80,8,,0,0
cxf,4be7044693681d6263658821ff620ba1cd8ec62b,1,1,2,5,0,0.0,1,1,19,113,,0,0
cxf,20663ce50eb1210cfbfa765dfadefe702c6ed920,126,5,470,2,0,0.0,10,2,12879,100,,0,0
cxf,c7d1969c140f014b4171081399daeed6800fad9c,144,1,468,2,0,0.0,10,1,12606,26,,0,0
cxf,daf48cacd16f1e20f5fb1b4658a3ba916c43b6a4,1,1,2,2,0,0.0,1,1,101,19,,0,0
cxf,cb14bf9ac392a7936aff08d7e54dd12720f8e733,3,41,0,123,0,0.0,2,5,0,6866,,0,0
cxf,1f430d4c717ade779a23489e3d07d4311bbc21a2,5,12,31,12,0,0.0,1,4,4145,221,,0,0
cxf,8f38958d75d23edb9b711b6d9c77e663091412ab,2,33,0,84,0,0.0,2,9,0,1706,,0,0
cxf,c0efcafeaccad55ef3c2326e7147468edf9dbdd8,1,3,2,2,0,0.0,1,1,96,26,,0,0
cxf,a07135b12c37a406d29a8398330214ef8cc4b7d9,2,6,21,7,0,0.0,1,1,3522,141,,0,0
cxf,a6e8702a05fc642231abaaa6ac131360bb030fda,1,1,21,9,0,0.0,1,1,3522,18,,0,0
cxf,eec3cd484749630e599732a082e45d60ef1d10d7,1,194,0,981,0,0.0,1,15,0,13447,,0,0
cxf,0dc7db7aa48f36235f33ff1e7281bec525222903,1,1,1,1,1,1.0,1,1,0,6,,0,0
curator,1d6891a9d6dbfc97988c6e51520240c96e6e9394,4,1,10,5,0,0.0,1,1,50,47,,0,0
curator,2d54d92e106b748d2da1451f5cbe42127441c9e7,3,1,10,1,1,0.1,1,1,50,12,,0,0
curator,35bd0cbe26dfc52bdc0a22ab49dd7b7d94d65f28,2,3,10,1,0,0.0,1,1,50,12,,0,0
curator,192d598f1b53e6f7373f85d54488236046cd5ea2,2,1,1,2,0,0.0,1,1,27,6,,0,0
curator,629486ff647deb66831831e1e13845d3b62d0a5b,5,1,4,2,0,0.0,1,1,86,5,,0,0
curator,1d0c6f288107e024533aaa98279802f4d8081172,4,1,4,1,0,0.0,1,1,86,16,,0,0
curator,e73b0349b53ae6bbc4c684821204ac699017946d,3,2,2,3,0,0.0,2,1,75,74,,0,0
curator,7b19bf7403e733937c8365dfe91a23edfa393658,4,1,60,1,0,0.0,2,1,4156,56,,0,0
curator,55a6d929030b005c35d31b937de92f4edebdf7e8,1,1,11,11,11,1.0,1,1,448,448,,0,0
curator,0ec8b4475f1969b191a080c2453405ceaf0a7a70,8,1,3,1,0,0.0,5,1,15,4,,0,0
curator,022a02aad00e18f3f486d425b6438d100f100c44,7,1,3,1,0,0.0,5,1,15,144,,0,0
curator,2d33782265103a8fc5af24613c4856523084650d,6,2,5,1,1,0.2,5,2,83,2,,0,0
curator,20223ad901df4dc11910dd25f2550d2c2364a194,2,1,1,1,0,0.0,2,1,1,12,,0,0
curator,db399d4194b55a2b2af7f8c454002f8a11400b87,4,1,18,3,0,0.0,3,1,0,70,,0,0
curator,1cd08fe6b11fd2b12cf05f0c1aa5c7d59a6c7acc,1,12,1,24,1,0.0417,1,5,2,551,,0,0
curator,c670844a8c5bdaec94ca4b7becea5df734cf5a47,2,1,1,17,0,0.0,2,1,1,510,,0,0
curator,a3514d87b1036716e5dc9877c9980fdd81440458,9,1,13,5,5,0.3846,4,1,98,10,,0,0
curator,6f0f5f2d47294c0f923ae6d004296e6e3c8e11a7,5,2,11,1,0,0.0,1,2,36,43,,0,0
curator,15527554bc38f981d8391a7d5bc976e25a4c043d,141,1,103,1,1,0.0097,18,1,3738,1,,0,0
curator,e11279d4b5d42c9cff5cffc03c5b060d868833b4,96,2,80,16,2,0.0213,10,1,3075,107,pom.xml,0,1
curator,aa5f1615f7f9590484e955e1fdc125a53b50f6ae,4,2,6,1,0,0.0,2,1,128,4,,0,0
curator,0a00aca63392f258426925ed5837d8d54e2959fd,19,2,41,4,1,0.0227,1,1,1765,98,,0,0
curator,48bd7670af41e1f5d33f77467c9ed54a73a2210e,8,8,24,17,1,0.025,1,1,688,1119,,0,0
curator,973cb0ba6825efca27095e56948af6a3c8455abe,1,7,1,24,0,0.0,1,1,5,688,,0,0
curator,22c028f56bafc90d2a9a85caf5b16d3ff3504ff7,1,3,2,5,0,0.0,1,1,70,117,,0,0
curator,647f278cdd1661d88b95356782e172ba0624dffe,1,1,5,5,5,1.0,1,1,117,117,,0,0
curator,2a9f04aa3eb0f7d0a97e5810afa22feb58a84f06,4,14,5,4,0,0.0,2,3,100,503,,0,0
curator,b6cabde8e987fae8033bbed0e6cc76507ae4173f,17,3,10,5,0,0.0,1,2,112,100,,0,0
curator,2d4aa5778aaca926e59e3fd3dcec6c46e4fbe1b4,49,7,26,2,0,0.0,9,1,791,67,,0,0
curator,5b15f5fab8f444c1a66ef2d5550254ffaa1cfaff,5,7,2,1,0,0.0,2,1,436,4,,0,0
curator,f6868f4dd76d3ba556268a96a295dc61e161b235,12,4,10,2,0,0.0,1,2,109,436,,0,0
curator,f49a6d10748ee9ad8bbc951fa9bea92e4ebbf6a8,16,2,13,2,0,0.0,3,1,145,77,,0,0
curator,a17d3af9ad618571f40844cf78beb7398e4a0241,6,3,8,1,1,0.125,2,2,101,70,,0,0
curator,a0f5f6eccbbc7483bf4a9b9165e0ea8d64c3999b,9,1,6,2,0,0.0,3,1,114,52,,0,0
curator,771e9a4cde4f8af913db934db01b93460ac97ebc,1,1,1,1,0,0.0,1,1,70,1,,0,0
curator,388787c838cb2e6e0b755b576eb958257e2cef22,15,2,10,2,0,0.0,6,1,175,436,,0,0
curator,caf2a9d81a333154a0d36fcea1a624d4e00df3e1,5,1,9,1,1,0.1111,1,1,36,70,curator-framework/src/test/java/org/apache/curator/framework/imps/TestFrameworkEdges.java,1,1
curator,173183420688875c6e627260ffb4efbbdc48227c,5,5,8,2,1,0.1111,1,1,54,30,,0,0
curator,2adccc54976ce028d8cfe4bf1e7ac6c404829e78,1,3,1,1,0,0.0,1,1,2,29,,0,0
curator,85161ab33b36e2f42b00bd4c27d158f8183f2835,1,3,1,1,0,0.0,1,1,2,29,,0,0
curator,26fcc3cf240656957c813acfa5d31db4b28e70c6,3,1,2,1,0,0.0,2,1,58,3,,0,0
curator,36592e7e3dc9e3d8f478875d89badc9643861082,1,1,0,2,0,0.0,1,1,0,58,,0,0
curator,d4547b4f49bd4599ad89c26998b3391c270587b3,13,7,8,6,3,0.2727,2,2,161,98,,0,0
curator,c097e4b3f591c22b72c28a9c28d4e8d97d45e037,9,2,6,2,1,0.1429,2,1,150,12,,0,0
curator,4d87380a3cb6d321a67b1363655267ed5fc1b57d,7,2,6,4,1,0.1111,2,1,146,22,,0,0
curator,6f5c5f3f6760df70e0fa9c1a0f77e2708150c5eb,6,1,6,3,0,0.0,2,1,146,57,,0,0
curator,d976c5096fd8e8c36ddb52cf45e1a8fd86aeed19,4,1,5,1,0,0.0,2,1,142,44,,0,0
curator,cfea1fb07bba7d367edd4a30fac35d31d9a1dd6d,4,1,5,5,0,0.0,2,1,142,58,,0,0
curator,a1f620efe00916db168c7405a46b32dfe89a9965,23,1,17,3,0,0.0,6,1,474,10,,0,0
curator,9383aa3e91b1e01743ec2cff20f5fd68a66b83c1,2,8,0,4,0,0.0,1,3,0,140,,0,0
curator,3ce2948908e9ba9e5401de0cc86562914dfb877b,6,1,2,2,0,0.0,1,1,73,67,,0,0
curator,f57206d6bd1744a71f7416438e010775f2e50adb,2,6,10,1,0,0.0,1,2,32,126,,0,0
curator,f54ed8c4dcbdee20aeaf4dcb242efce784d09475,1,5,1,1,0,0.0,1,2,4,126,,0,0
curator,1fade17a26b0b1e7d630f5b5ffbab298ecf5f1d6,9,6,8,3,0,0.0,3,1,163,87,,0,0
curator,de4432e84c1d0e8cdf84e5f404a70c8abbe99de6,5,2,6,2,0,0.0,3,1,96,67,,0,0
curator,97ddf919b120650183bbadbf4348564a643c994a,2,2,1,5,0,0.0,1,2,29,67,,0,0
curator,6ba4de36d4e8b2b65d45c005a6a92dd85c3c497f,8,2,2,2,0,0.0,2,1,175,50,,0,0
curator,dccbd7ac3838a5123441ab41ee6a28212876286d,3,3,0,2,0,0.0,1,1,0,63,,0,0
curator,4194c07aa72c2c05f1c11cabc1af25e0c5c3fedd,2,1,10,1,0,0.0,1,1,32,67,,0,0
curator,31d7f9a2040975dee08cb685d61cceb7015f9e32,14,15,24,56,4,0.0526,1,1,231,1801,src/site/confluence/compatibility.confluence,0,1
curator,b57f9ef65c1c0fcf948da3f9d66e31c74d5e3db9,10,2,22,2,1,0.0435,1,2,159,19,pom.xml,0,1
curator,63f83104d8b7fc086ad92ba166ce58e1897646be,13,2,55,2,1,0.0179,1,2,1796,19,,0,0
curator,334950f6188fe646a4588fd5aafd46e1525686d2,12,1,57,135,3,0.0159,1,1,1824,66053,src/site/confluence/index.confluence;src/site/site.xml,0,1
curator,d3aaddefceaf659cb32d865ead1cd3e294f2fddb,5,1,22,135,4,0.0261,1,1,154,66053,,0,1
curator,81fc3d9b29ddef501919b6a4166afeae3613cbc5,23,3,14,2,0,0.0,1,1,970,111,,0,0
curator,7a60af0dddbf1e547ddb7448ce99e14341413ef0,22,5,14,5,0,0.0,1,1,970,181,,0,0
curator,ddf4cb281e61c6fb0a25ea68331e1b4599e4bb20,1,86,2,162,1,0.0061,1,13,72,12041,,0,0
curator,666b175228d7e642d1b0bbf049119a628501900e,1,1,2,2,1,0.3333,1,1,18,15,curator-x-async/src/test/java/org/apache/curator/x/async/TestBasicOperations.java,1,1
curator,84191f3d46d015cb49ebebb42fddc1019b3db6c3,18,1,15,1,1,0.0667,1,1,1092,132,,0,0
curator,2ab172a45722efb08e85b6b4d230d9d04b4ce15b,9,1,12,2,0,0.0,1,1,723,9,,0,0
curator,ecbd386645e015a72929ce37f33772c7b5efb3d1,6,1,14,5,5,0.3571,1,1,848,138,,0,0
curator,1784a7c68982bae8bed471d92464168f87b0fceb,1,1,18,3,1,0.05,1,1,969,34,,0,0
curator,34be09a44c7a941a95245a5bc31a11771e4f7e86,10,1,115,1,1,0.0087,2,1,9703,5,,0,0
curator,3b9d60626bd5f469dbe0be37a4f952ed2f7dd15e,3,5,5,3,0,0.0,1,2,125,150,,0,0
curator,174faef5f0de10626c616d2a25eb9fb1e5572966,456,1,380,3,2,0.0052,19,1,29894,148,,0,0
curator,c086d0a82885155c3df624916f397e686857ee9f,1,1,6,1,0,0.0,1,1,532,2,,0,0
curator,32a7755b85255a7a49d911fd9f315a9a394d51ba,1,1,1,4,0,0.0,1,1,26,28,,0,0
curator,ed3082ecfebc332ba96da7a5bda4508a1985db6e,412,4,272,3,1,0.0036,11,3,19927,82,,0,0
curator,abaabb5f65c2161f77527165a15d2420f6c88219,8,1,4,2,1,0.2,3,1,28,75,,0,0
curator,da7f18c618eb51e6aaaff7b10f79240cefaf0183,13,3,14,1,1,0.0714,1,1,787,6,curator-recipes/src/main/java/org/apache/curator/framework/recipes/nodes/PersistentNode.java,1,1
curator,00ffe77951a88ea12c60a506a9beff1ae78de300,394,2,264,1,1,0.0038,11,1,19269,6,,0,0
curator,e3fec5bc7fcd1091c3f07317039d1d5ed20f2d66,12,5,14,2,1,0.0667,1,2,787,6,,0,0
curator,1939389e2c072d85385ff8134c26fde3e19437a4,3,1,1,1,0,0.0,1,1,4,2,,0,0
curator,191aca247dc17d7657a3aaf2c678d29036e992cb,391,2,264,1,0,0.0,11,1,19267,4,,0,0
curator,649e490de01a5f440e00b22a69604df49e424242,1,2,1,1,0,0.0,1,1,4,11,,0,0
curator,1826b66d72f6e543a57aaf5f3acc3cd9ca6e965d,10,142,12,118,3,0.0236,1,15,711,6538,curator-framework/src/main/java/org/apache/curator/framework/imps/CreateBuilderImpl.java;curator-recipes/src/main/java/org/apache/curator/framework/recipes/nodes/PersistentNode.java,1,1
curator,b3939acd47b6198930812236678ceae6f6f6a7af,390,2,264,1,1,0.0038,10,1,19267,11,,0,0
curator,7d089ef5649e0d1052a188e3aaeb883c0a9a1cc1,9,1,6,1,0,0.0,4,1,87,11,,0,0
curator,6d41d4a8025a8c982fc8fbd1c92b5cd9a3e3dacc,389,3,264,2,1,0.0038,10,1,19267,62,,0,0
curator,2672049482abea4fba1354e7e583e197cdc5c61e,8,2,6,2,0,0.0,5,1,86,62,,0,0
curator,850b6e4e427028aa6366cd51d524570a10343a97,388,5,264,3,1,0.0038,10,3,19267,20,,0,0
curator,0e23fbac1be51df269f1b396af03980f8a614cab,387,1,264,1,1,0.0038,10,1,19264,5,curator-client/src/main/java/org/apache/curator/ensemble/fixed/FixedEnsembleProvider.java,1,1
curator,7d44baee3d87890b67fc4900f204bb5111368079,386,4,264,11,11,0.0417,10,3,19264,93,curator-client/pom.xml;curator-examples/pom.xml;curator-framework/pom.xml;curator-recipes/pom.xml;curator-test/pom.xml;curator-x-discovery-server/pom.xml;curator-x-discovery/pom.xml;curator-x-rpc/pom.xml;pom.xml,0,1
curator,d7a65ad5e90c26cb487fe864146b01277dd8cc1a,382,10,264,3,2,0.0075,10,2,19092,178,curator-client/src/main/java/org/apache/curator/ConnectionState.java,1,1
curator,e2aef818200b42bd289f5b1fb84ce45220cc99d4,2,1,0,1,0,0.0,1,1,0,1,,0,0
curator,585e1499d22a995b313bba9d32bd7a605faef5da,1,5,0,3,0,0.0,1,1,0,179,,0,0
curator,24ba3c2745c5fd6e4eaeba2cd2f31f7caeeccf65,41,38,77,22,1,0.0102,1,6,5365,643,,0,0
curator,8363692841ea46caebd25f7fe8e61b5bc8295bab,338,5,205,5,0,0.0,10,2,13728,193,,0,0
curator,8fe1e2699feea9efea0029af5f6961b2b67318a3,133,1,118,6,0,0.0,23,1,4886,204,,0,0
curator,8e7fbac86dfe14f18a540a6a10c75f5bfe74120a,337,6,205,5,5,0.0244,10,1,13728,142,curator-test/pom.xml,0,1
curator,a47ab1e1d685fd1792ffd8d4e01412c91bb3dbe2,17,4,12,5,1,0.0625,5,1,176,142,,0,0
curator,5cf7d050fa9905332e358cfaeb93d2e739d158a0,335,1,205,1,0,0.0,10,1,13717,28,,0,0
curator,540cd28a33bccc6423765851631a02dcd974b89f,334,1,206,5,5,0.0243,10,1,13733,35,curator-client/src/main/java/org/apache/curator/utils/DebugUtils.java;curator-recipes/src/test/java/org/apache/curator/framework/recipes/leader/TestLeaderSelector.java;curator-test/src/main/java/org/apache/curator/test/BaseClassForTests.java,1,1
curator,90b39dd87ce8e96dc4d25633960ec7583d33b3d6,331,3,205,1,1,0.0049,10,1,13653,14,,0,0
curator,0ad09eb4657861fece9fa4c12c87991a710eaac1,1,1,0,1,0,0.0,1,1,0,14,,0,0
curator,770aa411d00f97ce6040f2b4182d6f0fe744262d,330,5,205,1,1,0.0049,10,2,13653,5,curator-recipes/src/main/java/org/apache/curator/framework/recipes/nodes/PersistentNode.java,1,1
curator,144977f8bc94115fac53163f81310aff0d50c78d,14,3,16,1,0,0.0,4,1,269,5,,0,0
curator,b58cfd068dbe4771f83365124693049b6051f63e,329,1,205,3,1,0.0048,10,1,13653,19,,0,0
curator,da48ef388f6153e66d251121854bb0faae77a3ec,328,5,205,2,2,0.0098,10,3,13652,79,curator-recipes/src/main/java/org/apache/curator/framework/recipes/cache/TreeCache.java;curator-recipes/src/main/java/org/apache/curator/framework/recipes/locks/InterProcessSemaphoreMutex.java,1,1
curator,d3bccce4e4a03591ca33c2f8ae56a1abf6cbc9b6,2,1,0,1,0,0.0,1,1,0,12,,0,0
curator,5cdfb5bcdb352e352c45d5cccda7c74aecfb0bd7,1,1,0,1,0,0.0,1,1,0,67,,0,0
curator,67cebe5c243b7e87a0cb475c909d907435f5d427,325,7,205,11,10,0.0485,9,1,13652,171,curator-client/pom.xml;curator-examples/pom.xml;curator-framework/pom.xml;curator-recipes/pom.xml;curator-test/pom.xml;curator-x-discovery-server/pom.xml;curator-x-discovery/pom.xml;curator-x-rpc/pom.xml;pom.xml,0,1
curator,0a3e8490b64ad8466989726ac6215b357fed3152,5,4,9,5,0,0.0,1,3,32,96,,0,0
curator,140342045e15876e610d5adee5eda5723d00f09d,1,2,2,4,2,0.5,1,2,36,48,,0,0
curator,9643542c7880120ffe7332a0fe82eefca1504108,3,7,9,5,0,0.0,1,3,34,96,,0,0
curator,adcaf340f32755f063d50eef6baf7b0740eb7e40,320,1,205,2,0,0.0,9,1,13650,12,,0,0
curator,e6ed99965b6df91607b2505a3784780e51fa8c53,319,1,205,2,2,0.0098,9,1,13650,36,curator-test/src/main/java/org/apache/curator/test/QuorumConfigBuilder.java,1,1
curator,60d24c2c982ef185ac10d08d01a7eca8f6d57e61,318,2,205,1,0,0.0,9,1,13650,48,,0,0
curator,905b062b370c3cff399f3f726a6d74ab44d7618e,317,1,205,1,1,0.0049,9,1,13650,18,curator-client/src/main/java/org/apache/curator/ConnectionState.java,1,1
curator,786d69587d183250b4108a9e18898ad4b2e94659,1,5,4,26,1,0.0345,1,4,223,664,curator-framework/src/main/java/org/apache/curator/framework/imps/CreateBuilderImpl.java,1,1
curator,d8798c21de10926cecd2ffc11f1ed7ce695c330a,316,3,210,23,22,0.1043,9,3,14075,537,curator-client/src/main/java/org/apache/curator/ConnectionState.java;curator-client/src/main/java/org/apache/curator/CuratorZookeeperClient.java;curator-client/src/main/java/org/apache/curator/RetryLoop.java;curator-framework/src/main/java/org/apache/curator/framework/imps/BackgroundSyncImpl.java;curator-framework/src/main/java/org/apache/curator/framework/imps/CreateBuilderImpl.java;curator-framework/src/main/java/org/apache/curator/framework/imps/ExistsBuilderImpl.java;curator-framework/src/main/java/org/apache/curator/framework/imps/GetACLBuilderImpl.java;curator-framework/src/main/java/org/apache/curator/framework/imps/GetChildrenBuilderImpl.java;curator-framework/src/main/java/org/apache/curator/framework/imps/GetDataBuilderImpl.java;curator-framework/src/main/java/org/apache/curator/framework/imps/SetACLBuilderImpl.java;curator-framework/src/main/java/org/apache/curator/framework/imps/SetDataBuilderImpl.java;curator-framework/src/main/java/org/apache/curator/framework/imps/SyncBuilderImpl.java,1,1
curator,b51bb01176940896cad5408a453c524fcfe0fc49,1,1,1,20,0,0.0,1,1,26,453,,0,0
curator,693211e4141cef1e7f122edf677a60c6c7c5aeec,314,1,205,1,0,0.0,8,1,13639,26,,0,0
curator,9e400bc8620430c245db86d08bafafe2ecb8534f,310,2,205,3,3,0.0146,8,2,13526,132,curator-recipes/src/main/java/org/apache/curator/framework/recipes/shared/SharedValue.java;curator-recipes/src/test/java/org/apache/curator/framework/recipes/shared/TestSharedCount.java;pom.xml,1,1
curator,ff169d6e8da4740c254fb18a742f90ab012c3b4b,307,2,205,2,1,0.0049,7,2,13523,53,curator-recipes/src/main/java/org/apache/curator/framework/recipes/cache/TreeCache.java,1,1
curator,37d2b2b0e1e22d9ab674ecba2a223ff6fcaa825f,304,7,205,1,1,0.0049,7,1,13523,21,curator-recipes/src/test/java/org/apache/curator/framework/recipes/cache/TestPathChildrenCache.java,1,1
curator,d828dc0a1e69e111164e7213c8d52669926d3123,303,4,205,1,1,0.0049,7,1,13523,6,,0,0
curator,d94a54f7814b4de90c95867a3495c0755ef3646c,302,5,205,2,2,0.0098,7,2,13522,52,curator-recipes/src/test/java/org/apache/curator/framework/recipes/cache/TestTreeCache.java,1,1
curator,64767734acfa7908f27cb77a61db87ce1dea9372,4,1,2,2,0,0.0,2,1,191,52,,0,0
curator,31a824198a24cc0a681db5cc3fe1029cd6f823d2,6,2,4,3,0,0.0,1,1,64,6,,0,0
curator,d27a70c283cfd2829b96147c8670a1e7dd59659e,292,9,205,11,11,0.0537,7,2,13483,223,curator-client/pom.xml;curator-examples/pom.xml;curator-framework/pom.xml;curator-recipes/pom.xml;curator-recipes/src/main/java/org/apache/curator/framework/recipes/locks/InterProcessSemaphoreV2.java;curator-recipes/src/test/java/org/apache/curator/framework/recipes/locks/TestInterProcessSemaphore.java;curator-test/pom.xml;curator-x-discovery-server/pom.xml;curator-x-discovery/pom.xml;curator-x-rpc/pom.xml;pom.xml,1,1
curator,eefdf8ee93ae9708ac52711e4981a2925bba2c40,283,3,205,11,10,0.0485,7,2,13260,56,curator-client/pom.xml;curator-examples/pom.xml;curator-framework/pom.xml;curator-recipes/pom.xml;curator-test/pom.xml;curator-x-discovery-server/pom.xml;curator-x-discovery/pom.xml;curator-x-rpc/pom.xml;pom.xml,0,1
curator,bd0792376b80de02c7524cb913065543885586ab,1,1,9,1,0,0.0,1,1,34,25,,0,0
curator,5ff8aaae89f911316c3e4c2082cc5e780c8480ef,273,2,205,2,2,0.0098,7,2,13235,31,,0,0
curator,8f281eb5bf2d3d65f1c9c3dd1ea8d04188210f90,2,1,5,2,0,0.0,2,1,12,31,,0,0
curator,20c6955b1e3fb9af2cac6fd6a7056b7f8ff14904,272,2,205,5,0,0.0,7,2,13235,12,,0,0
curator,6ae3f8591f5e2b31d4b53ac734df231b20408a5b,23,1,40,5,0,0.0,7,1,1538,12,,0,0
curator,1735000d984ed9022c99b8f63698ad4f64a1e0ec,8,3,5,3,0,0.0,2,1,158,111,,0,0
curator,41a700429ad8cc57d96fe205164fbfc263673c22,266,2,202,2,2,0.0099,7,1,13123,45,curator-framework/src/test/java/org/apache/curator/framework/imps/TestFrameworkEdges.java,1,1
curator,d63e06e84190cde818f56a791b4738b2199d2db8,1,1,2,2,0,0.0,1,1,167,45,,0,0
curator,073ed35be1448f6fe8bd27adafb2afbb1f9a5ddc,265,1,202,2,2,0.0099,7,1,13152,167,curator-recipes/src/test/java/org/apache/curator/framework/recipes/cache/TestPathChildrenCache.java,1,1
curator,80c497c67d036ec7c7aa082334bd2aaa9204565d,264,2,202,1,0,0.0,7,1,13152,2,,0,0
curator,48e2c15b8c3e3e6e5de97858898aa757e213fb02,263,3,204,6,3,0.0145,7,2,13188,330,,0,0
curator,63a0d4550ebfaa2e29ddf719f8bfe9696cffc5ae,4,34,2,37,0,0.0,3,1,74,1922,,0,0
curator,29906f1ebb9130b91ec1d7034de9885af9f15d07,225,3,185,3,3,0.0162,7,3,11266,76,curator-framework/src/main/java/org/apache/curator/framework/api/CreateBuilder.java;curator-recipes/src/main/java/org/apache/curator/framework/recipes/locks/InterProcessSemaphoreV2.java;curator-recipes/src/test/java/org/apache/curator/framework/recipes/locks/TestInterProcessSemaphore.java,1,1
curator,168dfd7348cd5a66f411fcfdf51376cc8a08a515,1,1,1,2,0,0.0,1,1,2,74,,0,0
curator,e76eb590fddb5b363b3d40b76908d40f2a89ffc7,1,1,20,1,0,0.0,1,1,350,2,,0,0
curator,f7ef2f1e040818f71e2b6a25646fb0e2868a3bb8,221,2,184,2,2,0.0109,7,1,11010,37,,0,0
curator,88da05c03caffd022737d382fde07271aedda9df,220,4,184,3,0,0.0,7,3,11010,22,,0,0
curator,3d1fca23108fbb5840e544c3e68d9af2b71de949,6,3,24,3,0,0.0,1,2,859,22,,0,0
curator,062a7d750788a187f1d41df0bf0a6a5926a78d3a,219,6,181,24,19,0.1022,7,1,10914,859,curator-client/pom.xml;curator-examples/pom.xml;curator-framework/pom.xml;curator-framework/src/main/java/org/apache/curator/framework/imps/CreateBuilderImpl.java;curator-framework/src/main/java/org/apache/curator/framework/imps/DeleteBuilderImpl.java;curator-framework/src/main/java/org/apache/curator/framework/imps/ExistsBuilderImpl.java;curator-framework/src/main/java/org/apache/curator/framework/imps/GetACLBuilderImpl.java;curator-framework/src/main/java/org/apache/curator/framework/imps/GetChildrenBuilderImpl.java;curator-framework/src/main/java/org/apache/curator/framework/imps/GetDataBuilderImpl.java;curator-framework/src/main/java/org/apache/curator/framework/imps/SetACLBuilderImpl.java;curator-framework/src/main/java/org/apache/curator/framework/imps/SetDataBuilderImpl.java;curator-framework/src/main/java/org/apache/curator/framework/imps/SyncBuilderImpl.java;curator-framework/src/test/java/org/apache/curator/framework/imps/TestFrameworkBackground.java;curator-recipes/pom.xml;curator-test/pom.xml;curator-x-discovery-server/pom.xml;curator-x-discovery/pom.xml;curator-x-rpc/pom.xml;pom.xml,1,1
curator,fc7404585c455e33efad1df10e2086d880a7e2e9,4,1,10,2,1,0.0909,1,1,97,40,,0,0
curator,c43116a28fd0737a05754f9db3f3c1eec36329b3,2,2,9,3,0,0.0,1,1,32,43,,0,0
curator,b521b2ef27154e6e091ab7d3e800687881a8f12c,2,3,9,3,0,0.0,1,1,32,43,,0,0
curator,95bceae69f1235430179cbf71dacf93f6d3b6748,208,2,181,3,3,0.0166,7,1,10840,43,,0,0
curator,4c92edbc15bb69343089c918ed9dc9e8347f79d7,207,2,181,1,0,0.0,7,2,10840,4,,0,0
curator,567cac3a7fc08eec1b3092cbfea5be953830b6e9,28,1,64,1,0,0.0,4,1,1658,4,,0,0
