repo,merge,cbo_p1,cbo_p2,cyclomatic_p1,cyclomatic_p2,dep_depth_p1,dep_depth_p2
commons-lang,27e195c7f665160e0c61607ac2caa56f89cb45fe,0,8,0,55,0,18
commons-lang,0311b67baed404b2b12f9ced753dbee7b5bca11f,0,4,0,55,0,18
commons-lang,1a256d3e74dd547b0ec7ea3b4b31ce1039cff312,3,14,9,14,15,15
commons-lang,5fceb927149723bc6199d46f3a5f27675e65d9db,40,3,708,166,13,18
commons-lang,b33448dd18cf76ac03d82e0da0c27fc521470312,0,7,0,92,0,14
commons-lang,b9bce16817a58756b287ae2b4403a961307b95f8,1,13,17,155,18,15
commons-lang,38f7109f4214300ae6eaf4bd76f5a7f1b2a10dc1,0,6,0,4,0,17
commons-lang,f51d0615d034ae997611ac01fd4c79823122372b,0,15,0,225,0,0
commons-lang,225d1c8058f39e7bf42f2b77f75a8b88dae4e037,0,4,0,49,0,17
commons-lang,2c68a657e19b8412fa1fe090b72d4910896fecc4,0,20,0,293,0,1
commons-lang,efe894332c981836e8953b6f2ffc7e2891e8b155,14,9,128,193,17,14
commons-lang,371f8c7a7767325658de405bd20d7697dc42e457,26,3,615,4,13,17
commons-lang,91ce5ba318af40e9d9b37cfb301a4bb1bacd3ba2,55,0,819,0,15,0
commons-lang,ffc86e432bba72d9d54f09dd3f74b6cdb3c9198d,7,0,353,0,13,0
commons-lang,d631b6c4875c428230d6eb606fa982e36b38fff9,0,0,0,0,0,0
commons-lang,ad6890f9e63a5c08866725d65d3b216a82aeb5cc,0,52,59,844,0,17
commons-lang,c55d1f3ccb0a3631eecff63743c936ed9b8505a1,0,20,0,275,0,1
commons-lang,7de27aa9ab457b5f1c2c6a5bb695e268d95c6a64,0,14,0,28,0,17
commons-lang,c969f2c93ad296e999c0f837edb596c83989f177,3,0,47,0,14,0
commons-lang,f66f39f817585a422692bdc01213790102d0e652,15,25,104,623,13,13
commons-lang,a337fec4ce58ed03c416b5af03f593edb26f0a00,0,50,0,837,0,13
commons-lang,5b59487808d0b86a94ad7a1ebd4c200e09b7be09,0,0,0,0,0,0
commons-lang,2abb7d3a98ed88814c4867dc58e41432e85f96f4,193,0,905,0,18,0
commons-lang,b02333396adcff6179074f6d71997eab1d6197c5,7,2,15,3,17,0
commons-lang,98fa10a80243a40685437b684d885082fbb26302,0,6,0,67,0,17
commons-lang,d7cdcc6a7114d8a8f99bfe05a081c5f1a3bbf215,21,9,200,11,18,15
commons-lang,bac2371b9ca2069ef7ba70bc9f4a315c46abf9c8,9,287,11,1782,15,19
commons-lang,4a6ae3e9e9db73e6f43c958eab3fd3bba2ea15c0,0,0,0,0,0,0
commons-lang,248ec2e719b35570f2635cde69a00865388fe869,8,1,12,58,15,0
commons-lang,f73fa2d3b399ba2f49c7af833a9bd70b36922c09,40,40,660,660,13,13
commons-lang,a01e0621dcc7d88ec226044778881055949cef9b,0,40,0,679,0,13
commons-lang,064971c7feaeaa3286fab614921171a8fa8a4e92,0,9,0,247,0,14
commons-lang,5e1f169cee3d19f83d9885eec0b4a0f4cd186ca5,9,0,247,0,14,0
commons-lang,73c5a884da70bc40e7a17a7b9ebf5cc5223d7caa,13,37,25,302,12,18
commons-lang,4c050914d980efc55562f8322d2f6e4f8ec863af,11,37,32,751,18,17
commons-lang,d69c9f3769e8714d20aee1e6c07f0fe2c633b519,4,42,22,86,0,18
commons-lang,08d28f59526b058221be974e55dcf24ea0fbe0e7,42,84,86,1441,18,15
commons-lang,6681a34d25b63a47c2d619ae0466825304ea9b1f,18,40,160,782,18,18
commons-lang,fb45bd7f2c1a8097eadb6b4a6bc9f16c03422a5b,1,0,110,0,1,0
commons-lang,e852e8088e0485e2214efe0f10400aa9d931eaef,1,0,2,0,0,0
commons-lang,38d13dddadc2876fde6134e094f5eac8bc792614,0,0,9,0,0,0
commons-lang,4a8aa9e7243e7df4e5ebca91b85209bd69c875fb,1,9,3,90,18,18
commons-lang,4b621c8c031265e4ca1749474c701b198a54e587,0,113,63,1771,0,18
commons-lang,c49dc4893fd48964e5b88eabe0c7854a15033b4f,0,0,0,0,0,0
commons-lang,69e3ba4188ae857eeb05a36a5e7b30fac344c905,9,10,11,165,13,18
commons-lang,8f579b4f3074b79c44771ce6c6dec1d253401f50,8,2,55,110,14,18
commons-lang,977e1008fb13ddcf0465324426c38e96b6194553,72,0,1872,0,14,0
commons-lang,535ec32c680a6581739a41bf97ecb8b8718c73b8,0,1,0,51,0,1
commons-lang,c8bfb687e4974e7514f51ff78e8aae75205c3735,1,37,2,718,12,12
commons-lang,18ce3b473018d1d7da90c0b5b563c97bf030b1a4,37,0,718,0,12,0
commons-lang,0a98b934d234782f33e71f762b66f1d8b79f0f8f,17,0,32,0,17,0
commons-lang,c9c1e222b81b8487a963c33ecd03ed2560891a2a,0,13,0,221,0,11
commons-lang,2f28cef08f0668004d003f2695e9845f37c1f0ee,7,1,247,11,13,17
commons-lang,be6501ef4af31302646012e31ea3bbc891b1032b,0,0,4,0,0,0
commons-io,7a7e8a5f42686947f57f252577699c430970194b,0,2,1,81,0,10
commons-io,cfc7a99f43d3fee6c347b534b66c3f4178181cc5,1,0,1,0,11,0
commons-io,b5bc19048c8de0dd9f813bbc0592d76983fbb18d,0,0,0,0,0,0
commons-io,8b290be602ce34e58ac72e2e79340241d1b7c765,0,7,0,83,0,12
commons-io,809c173c64cea583b329f87ed4394d68114ad1c2,3,0,69,0,11,0
commons-io,121db2954f1dfac4ea1300a83d3f9527e8e28fd8,0,61,0,279,0,13
commons-io,2350e6d82d86f8720cc7edcbbb114f35cfd67176,0,0,0,0,0,0
commons-io,d23228f4a94bd070b0505e5a528da1413915c8a4,6,0,7,0,1,0
commons-io,909dc0f9aa1874aafc2c6f54d11946199983a0d5,0,316,0,1087,0,14
commons-io,e28f97685236891636342d386b63b7dd116fe846,0,9,9,57,0,13
commons-io,4e2320ccec92ea06ffee4774eda0970fae372442,6,4,12,5,10,11
commons-io,5d854f34cb0c602b119f1ff95ffdb6a812fdcca5,0,0,0,0,0,0
commons-io,c722fe80b9df938cdb3d949428ce51fe12ee88a3,6,3,2,6,0,10
commons-io,4efa8cf29a9f4a35bc6bd347bfe50070e2916b1f,0,0,0,0,0,0
commons-io,1dfa5367620b7bdf88c28add555c3ddc2be1d187,2,50,22,150,10,9
commons-io,0ee29cea53f9f541b9921cd8fe2ddfa75ce10277,13,37,23,127,2,9
commons-io,72ae92deb39d4ce1586b9bf25ed2fd4104348b7f,13,0,23,0,2,0
commons-io,1d4ede072a7729b6e4267f25dbaddc0b3b456fd2,2,0,11,1,11,0
commons-io,2ca87c10c6849c891ef7d698b511278fc51dfe77,5,0,5,0,0,0
commons-io,44b355fca0c21f2e8f40757ee6a78a37d2807a20,12,23,73,20,11,12
commons-io,2224df7b9de1dac7f1a809668c72b35412633c4d,2,0,11,0,10,0
commons-io,82a8ef1b14a1055f777d24fac855080ca2893ea0,40,0,147,0,9,0
commons-io,be60e48c4c673fb9a46e24ea4ade6bb45f44691d,31,2,9,4,10,0
commons-io,86631315076f5d435c6c16630093ff78be15e39d,0,0,0,0,0,0
commons-io,8ad6764d1e79e81ed37997706564ae28d268986c,2,0,2,0,10,0
commons-io,24e5af4917c0f23651c727aba9773212dd4a5db7,0,0,0,0,0,0
commons-io,b0b49492e08dcb0eb86facd7b74360175d221cfa,2,0,5,0,10,0
commons-io,1bd12b55b019788c0cc58208ab7fde34d3d6b589,0,0,0,0,0,0
commons-io,7df58926b00e29c78a6df607ad9f75fada4b5ab5,0,0,0,0,0,0
commons-io,e751e2f8c34a4913f612fc42ced100b37abe2a4a,0,0,0,0,0,0
commons-io,290d72eda9152d1e11b79d48453908ff3f6b9897,0,2,0,8,0,10
commons-io,1a824eca1485f6106d8c5e439fe5fded6152a35b,0,5,0,8,0,10
commons-io,a01ac042ebb411836caf13fb85d2fbfb65e03c14,7,9,37,43,13,13
commons-io,cfd4d86033e5cee159dc869ccb61aa3afe5fa015,0,180,0,538,0,13
commons-io,063463f51f401a9b31c2e1a795590e650f4a223a,1,0,3,0,10,0
commons-io,6e615bb8ca57d6dd62928fa134192cdef7c7b08e,5,0,4,0,0,0
commons-io,29dc5ea043959aac66829275641e48b89e9b4be3,3,13,23,76,13,13
commons-io,12453a3a65ff16a9f860b5465e78a2933195d03b,2,1,18,5,0,13
commons-io,7bd05817d027627a85c73d68566fbcebf8b70670,199,0,501,0,12,0
commons-io,fe620a6a0466d54921cfe638db87e7d78eb21480,0,328,0,1131,0,13
commons-io,8247e9562e969128043d030b1cc555a1d0a150d6,0,0,9,0,0,0
commons-io,872db158a2e806c649122ee47d33ee5fd97c5e59,0,0,0,0,0,0
commons-io,41817d3cea3ae7ce675ef9129b03229d738f68f5,10,0,98,0,12,0
commons-io,b507d7e60b3593288990dd9f570ab87bfcc65e17,62,0,163,4,12,0
commons-io,e67946c81a55069dcd32dd588faa57dd1532455f,52,0,176,2,12,0
commons-io,c3471687e0dd5065ad7ad3878a71fcf5a921c9a3,10,0,51,0,12,0
commons-io,6921f87e35cfbd5d725011883b9d1c492f26b31d,0,0,0,0,0,0
commons-io,9600e9afca238a447547f11cb9bf136ce0c5a663,1,1,21,21,5,5
commons-io,266bcc4d5d0fbd230756539f93acd9fc5ddd2c5c,0,416,0,1445,0,8
commons-io,9ce4c8398bcddd0c7db96330162d470c5a4c061e,0,9,0,56,0,8
commons-io,b1842c0e0c5af94976ce6504c78e7ef6200abec9,1,0,17,0,4,0
commons-io,f62bc91596d4fe9290ce022b0479cf1aaf5ef4f8,0,0,0,0,0,0
commons-io,6b4e35dc7fa1993983d48f32cc7def314cb8d6c9,0,30,0,118,0,7
commons-io,3ddd67183a6241ee628251bb60d37a7d304963e0,159,1,372,13,7,7
commons-io,9a35bb0d07849486bcf92c74a8e24574f34aab14,0,1,0,13,0,7
commons-io,4b5db3488c0e2e7ee65fadd9ebebfd681dbdc23a,0,9,0,20,0,7
commons-io,d8b480793e9337e5a72125a73bdcd4c5c8002684,0,85,0,137,0,3
commons-io,f8a80699363e4a1d749b0207d566f27b193a07cc,0,85,0,605,0,7
commons-io,750ec08f68fb45000d4f9c2592f43352bbb2e5f2,0,0,0,0,0,0
commons-io,84628e28779d9b1f4d0b43d83c5056168085f096,0,0,0,0,0,0
commons-io,c53cab56e5f078e2500970a01bdf1c7bf350fdaa,0,0,0,0,0,0
commons-io,bc80b9ae48bc4e74781ef485e389f08fa5b788f1,0,0,0,0,0,0
commons-io,42e76965c151d6c2be0fe3359c837e80bae9b3c2,0,0,0,0,0,0
commons-io,81d825517ca90c2ef8a5e8d10ecf36ed95aad984,0,0,1,0,0,0
commons-io,f9225c549de4f4c819bf9f925f04df3941f27f2c,0,0,0,0,0,0
commons-io,92c5d8d36b1b37af85d9dcd214138b7f72cb2eb2,0,0,0,0,0,0
commons-io,5e103b46a3ae581a1da7eaf3fced605aeea9c08d,1,0,1,0,3,0
commons-io,c146a948b515bb0752047339afe0c94e4234c2a8,305,0,1444,0,6,0
commons-io,302c9d1ae9d44c677fc9f35cd9b3bfe2fe77bf08,0,0,0,0,0,0
commons-io,c8130d72529c1b845c7f10aea7b6ef7fc2788c77,0,0,0,0,0,0
commons-io,05176a75580307404fcd91ac380175daa9048fa2,189,0,744,0,6,0
commons-io,eaf44e440db100c5222be7988ce4f14fb0aeb55c,0,0,0,0,0,0
commons-io,369e45fe3b179bd44af9f19bc22187b3fa5a7fd3,0,29,0,155,0,4
commons-io,b8690c086d18f38d86a06080422674d317e33f71,0,0,0,0,0,0
commons-io,021879c4e8a80da4d814d6777d9dcbb215357e67,0,58,0,606,0,6
commons-io,61d5459230d97432790585f3a738a804e7923119,0,0,0,0,0,0
commons-io,2d7fef18c6ec90bd30d7e29a14a5967011a2fc4f,0,0,0,0,0,0
commons-io,724125eff6608884b0ac1c59f62695ecf43e5c8a,0,0,0,0,0,0
commons-io,d5bb4ec469995d9b3302397298fa3c59240b3019,0,0,0,0,0,0
commons-io,77597df19476afa40244cb7d414a66971f817530,0,5,0,203,0,5
commons-io,34ce9f0989e47daa9a7c821bbaaf84c138aa1117,0,0,0,12,0,0
commons-io,85737d13dae292040dd75293bfb6ee4a6b6c3f26,0,84,0,445,0,5
commons-io,d3a51772915cff2b36aebf4622dd367ad60f6459,0,0,0,0,0,0
commons-io,b803066005e1244932146aa904f05b420ca689a3,0,23,0,201,0,3
commons-io,0fdef9fc5d5249a006712ba23829adb1f400a725,0,0,0,0,0,0
commons-io,e64f29c6195fa036affbc3488aa28769742bb76e,4,0,50,0,2,0
commons-io,01f92b184933bf8f333676f0b872cecb8e23466d,0,287,0,1603,0,5
commons-io,d59098202590aef21b614273c87b922c3cea51b1,0,0,0,0,0,0
commons-io,7adaaca7002ac57031c4786ee5d3c1f98a2b4acf,0,0,0,0,0,0
commons-io,c244009bedb5c0a018d5402d9241f0f1eac3ef84,0,0,0,0,0,0
commons-io,93eada500cdfd4e3f44914e81c378814555fdb2b,145,0,761,0,5,0
commons-io,257d6f423ec5e3e15e136b72fd686c49208b1aa1,3,3,17,17,5,5
commons-io,71bfef486b2e7713947e317ea843dc15f533a785,1,85,3,365,1,5
commons-io,3ddc2f948d7db50c20b197ef4024cf47642278b2,0,0,0,0,0,0
commons-io,2bb2ab0b322e65bbd7b4d88c71c17e7b8465ffa7,0,0,1,0,0,0
commons-io,dc1348ea72a83ca291309bd3aa79043e15304ced,3,0,46,0,2,0
commons-io,761605b23c4dba3ad0e6df164a7941fa46ae6139,7,7,105,105,5,5
commons-io,e85750d2f8bb9f28a4dc2b32b625e2dfdeb8c015,152,7,879,105,5,5
commons-io,76573da120a550720f17d9f1cd6fa7af98fb2fb1,0,0,0,0,0,0
commons-io,2fd345578627290e3e6e713a1e1ea1b540f756f7,0,1,0,20,0,2
commons-io,a9e8244e42a3c746c27db06544d027fb897fe17e,20,0,212,4,2,0
commons-io,58b0f795b31482daa6bb5473a8b2c398e029f5fb,0,0,0,0,0,0
commons-io,e5f5eac9e65620e4697b922e0f49b7bbdb90695e,0,0,5,42,0,0
commons-io,cfb682e9da63f308d26e547bb7d0b350ef3eda42,4,0,156,0,0,0
commons-io,748eef8b96068cadc45894967f58f015860afb1b,5,5,161,161,5,5
commons-io,2c30851e4de51181b018a4e0d6605ee2c9776695,5,5,161,161,5,5
commons-io,5e2ace28efe0476feb6a32794fe6b5e90e71eb7e,4,4,5,5,0,0
commons-io,5f88079956ba7fc4551a5fc51dc28d82e33dc65f,289,2,1932,28,5,3
commons-io,958657f3c7cdf1f1d81a139b312c032020d582f0,0,43,98,333,0,5
commons-io,4f6b009a28ab7203260330bd93384ef5c07fd062,0,0,0,4,0,0
commons-io,f00d97a6cea0a08c8112ffb8bd0b6847373899ae,1,67,7,443,5,5
commons-io,703228a3d40881ea52faada723726b05f6d77b8a,248,6,1793,160,5,5
commons-io,e70975a9155cc53890c0e2fe643e3c382acd5bd3,0,0,0,0,0,0
