repo,merge,p1_compiles,p2_compiles,merged_compiles,status,semantic_conflict,error
commons-lang,27e195c7f665160e0c61607ac2caa56f89cb45fe,True,True,True,clean,0,
commons-lang,0311b67baed404b2b12f9ced753dbee7b5bca11f,True,True,True,clean,0,
commons-lang,1a256d3e74dd547b0ec7ea3b4b31ce1039cff312,True,True,True,clean,0,
commons-lang,5fceb927149723bc6199d46f3a5f27675e65d9db,True,True,True,clean,0,
commons-lang,b33448dd18cf76ac03d82e0da0c27fc521470312,True,True,True,clean,0,
commons-lang,b9bce16817a58756b287ae2b4403a961307b95f8,True,True,True,clean,0,
commons-lang,38f7109f4214300ae6eaf4bd76f5a7f1b2a10dc1,True,True,True,clean,0,
commons-lang,f51d0615d034ae997611ac01fd4c79823122372b,True,True,True,clean,0,
commons-lang,225d1c8058f39e7bf42f2b77f75a8b88dae4e037,True,True,True,clean,0,
commons-lang,2c68a657e19b8412fa1fe090b72d4910896fecc4,True,True,True,clean,0,
commons-lang,efe894332c981836e8953b6f2ffc7e2891e8b155,True,True,True,clean,0,
commons-lang,371f8c7a7767325658de405bd20d7697dc42e457,True,True,True,clean,0,
commons-lang,91ce5ba318af40e9d9b37cfb301a4bb1bacd3ba2,True,True,True,clean,0,
commons-lang,ffc86e432bba72d9d54f09dd3f74b6cdb3c9198d,True,True,True,clean,0,
commons-lang,d631b6c4875c428230d6eb606fa982e36b38fff9,True,True,True,clean,0,
commons-lang,ad6890f9e63a5c08866725d65d3b216a82aeb5cc,True,True,True,clean,0,
commons-lang,c55d1f3ccb0a3631eecff63743c936ed9b8505a1,True,True,True,clean,0,
commons-lang,7de27aa9ab457b5f1c2c6a5bb695e268d95c6a64,True,True,True,clean,0,
commons-lang,c969f2c93ad296e999c0f837edb596c83989f177,True,True,True,clean,0,
commons-lang,f66f39f817585a422692bdc01213790102d0e652,True,True,True,clean,0,
commons-lang,a337fec4ce58ed03c416b5af03f593edb26f0a00,True,True,True,clean,0,
commons-lang,5b59487808d0b86a94ad7a1ebd4c200e09b7be09,True,True,True,clean,0,
commons-lang,2abb7d3a98ed88814c4867dc58e41432e85f96f4,True,True,True,clean,0,
commons-lang,b02333396adcff6179074f6d71997eab1d6197c5,True,True,True,clean,0,
commons-lang,98fa10a80243a40685437b684d885082fbb26302,True,True,True,clean,0,
commons-lang,d7cdcc6a7114d8a8f99bfe05a081c5f1a3bbf215,True,True,True,clean,0,
commons-lang,bac2371b9ca2069ef7ba70bc9f4a315c46abf9c8,True,True,True,clean,0,
commons-lang,4a6ae3e9e9db73e6f43c958eab3fd3bba2ea15c0,True,True,True,clean,0,
commons-lang,248ec2e719b35570f2635cde69a00865388fe869,True,True,True,clean,0,
commons-lang,f73fa2d3b399ba2f49c7af833a9bd70b36922c09,True,True,True,clean,0,
commons-lang,a01e0621dcc7d88ec226044778881055949cef9b,True,True,True,clean,0,
commons-lang,064971c7feaeaa3286fab614921171a8fa8a4e92,True,True,True,clean,0,
commons-lang,5e1f169cee3d19f83d9885eec0b4a0f4cd186ca5,True,True,True,clean,0,
commons-lang,73c5a884da70bc40e7a17a7b9ebf5cc5223d7caa,True,True,True,clean,0,
commons-lang,4c050914d980efc55562f8322d2f6e4f8ec863af,True,True,True,clean,0,
commons-lang,d69c9f3769e8714d20aee1e6c07f0fe2c633b519,True,True,True,clean,0,
commons-lang,08d28f59526b058221be974e55dcf24ea0fbe0e7,True,True,True,clean,0,
commons-lang,6681a34d25b63a47c2d619ae0466825304ea9b1f,,,,textual_conflict,,
commons-lang,fb45bd7f2c1a8097eadb6b4a6bc9f16c03422a5b,True,True,True,clean,0,
commons-lang,e852e8088e0485e2214efe0f10400aa9d931eaef,True,True,True,clean,0,
commons-lang,38d13dddadc2876fde6134e094f5eac8bc792614,True,True,True,clean,0,
commons-lang,4a8aa9e7243e7df4e5ebca91b85209bd69c875fb,True,True,True,clean,0,
commons-lang,4b621c8c031265e4ca1749474c701b198a54e587,True,True,True,clean,0,
commons-lang,c49dc4893fd48964e5b88eabe0c7854a15033b4f,True,True,True,clean,0,
commons-lang,69e3ba4188ae857eeb05a36a5e7b30fac344c905,True,True,True,clean,0,
commons-lang,8f579b4f3074b79c44771ce6c6dec1d253401f50,True,True,True,clean,0,
commons-lang,977e1008fb13ddcf0465324426c38e96b6194553,True,True,True,clean,0,
commons-lang,535ec32c680a6581739a41bf97ecb8b8718c73b8,True,True,True,clean,0,
commons-lang,c8bfb687e4974e7514f51ff78e8aae75205c3735,True,True,True,clean,0,
commons-lang,18ce3b473018d1d7da90c0b5b563c97bf030b1a4,True,True,True,clean,0,
commons-lang,0a98b934d234782f33e71f762b66f1d8b79f0f8f,True,True,True,clean,0,
commons-lang,c9c1e222b81b8487a963c33ecd03ed2560891a2a,True,True,True,clean,0,
commons-lang,2f28cef08f0668004d003f2695e9845f37c1f0ee,True,True,True,clean,0,
commons-lang,be6501ef4af31302646012e31ea3bbc891b1032b,True,True,True,clean,0,
commons-io,7a7e8a5f42686947f57f252577699c430970194b,True,True,True,clean,0,
commons-io,cfc7a99f43d3fee6c347b534b66c3f4178181cc5,True,True,True,clean,0,
commons-io,b5bc19048c8de0dd9f813bbc0592d76983fbb18d,True,True,True,clean,0,
commons-io,8b290be602ce34e58ac72e2e79340241d1b7c765,True,True,True,clean,0,
commons-io,809c173c64cea583b329f87ed4394d68114ad1c2,True,True,True,clean,0,
commons-io,121db2954f1dfac4ea1300a83d3f9527e8e28fd8,True,True,True,clean,0,
commons-io,2350e6d82d86f8720cc7edcbbb114f35cfd67176,True,True,True,clean,0,
commons-io,d23228f4a94bd070b0505e5a528da1413915c8a4,True,True,True,clean,0,
commons-io,909dc0f9aa1874aafc2c6f54d11946199983a0d5,True,True,True,clean,0,
commons-io,e28f97685236891636342d386b63b7dd116fe846,True,True,True,clean,0,
commons-io,4e2320ccec92ea06ffee4774eda0970fae372442,True,True,True,clean,0,
commons-io,5d854f34cb0c602b119f1ff95ffdb6a812fdcca5,True,True,True,clean,0,
commons-io,c722fe80b9df938cdb3d949428ce51fe12ee88a3,True,True,True,clean,0,
commons-io,4efa8cf29a9f4a35bc6bd347bfe50070e2916b1f,True,True,True,clean,0,
commons-io,1dfa5367620b7bdf88c28add555c3ddc2be1d187,True,True,True,clean,0,
commons-io,0ee29cea53f9f541b9921cd8fe2ddfa75ce10277,True,True,True,clean,0,
commons-io,72ae92deb39d4ce1586b9bf25ed2fd4104348b7f,True,True,True,clean,0,
commons-io,1d4ede072a7729b6e4267f25dbaddc0b3b456fd2,True,True,True,clean,0,
commons-io,2ca87c10c6849c891ef7d698b511278fc51dfe77,True,True,True,clean,0,
commons-io,44b355fca0c21f2e8f40757ee6a78a37d2807a20,True,True,True,clean,0,
commons-io,2224df7b9de1dac7f1a809668c72b35412633c4d,True,True,True,clean,0,
commons-io,82a8ef1b14a1055f777d24fac855080ca2893ea0,True,True,True,clean,0,
commons-io,be60e48c4c673fb9a46e24ea4ade6bb45f44691d,False,True,True,skip(parent/no-src),,
commons-io,86631315076f5d435c6c16630093ff78be15e39d,False,False,False,skip(parent/no-src),,C:\Users\tamiz\AppData\Local\Temp\tmp4pcdkwzu\src\main\java\org\apache\commons\io\FileSystem.java:93: error: unmappable character (0xB2) for encoding UTF-8
commons-io,8ad6764d1e79e81ed37997706564ae28d268986c,True,True,True,clean,0,
commons-io,24e5af4917c0f23651c727aba9773212dd4a5db7,True,True,True,clean,0,
commons-io,b0b49492e08dcb0eb86facd7b74360175d221cfa,True,True,True,clean,0,
commons-io,1bd12b55b019788c0cc58208ab7fde34d3d6b589,True,True,True,clean,0,
commons-io,7df58926b00e29c78a6df607ad9f75fada4b5ab5,True,True,True,clean,0,
commons-io,e751e2f8c34a4913f612fc42ced100b37abe2a4a,True,True,True,clean,0,
commons-io,290d72eda9152d1e11b79d48453908ff3f6b9897,True,True,True,clean,0,
commons-io,1a824eca1485f6106d8c5e439fe5fded6152a35b,True,True,True,clean,0,
commons-io,a01ac042ebb411836caf13fb85d2fbfb65e03c14,True,True,True,clean,0,
commons-io,cfd4d86033e5cee159dc869ccb61aa3afe5fa015,True,True,True,clean,0,
commons-io,063463f51f401a9b31c2e1a795590e650f4a223a,True,True,True,clean,0,
commons-io,6e615bb8ca57d6dd62928fa134192cdef7c7b08e,True,True,True,clean,0,
commons-io,29dc5ea043959aac66829275641e48b89e9b4be3,True,True,True,clean,0,
commons-io,12453a3a65ff16a9f860b5465e78a2933195d03b,True,True,True,clean,0,
commons-io,7bd05817d027627a85c73d68566fbcebf8b70670,True,True,True,clean,0,
commons-io,fe620a6a0466d54921cfe638db87e7d78eb21480,True,True,True,clean,0,
commons-io,8247e9562e969128043d030b1cc555a1d0a150d6,True,True,True,clean,0,
commons-io,872db158a2e806c649122ee47d33ee5fd97c5e59,True,True,True,clean,0,
commons-io,41817d3cea3ae7ce675ef9129b03229d738f68f5,True,True,True,clean,0,
commons-io,b507d7e60b3593288990dd9f570ab87bfcc65e17,True,True,True,clean,0,
commons-io,e67946c81a55069dcd32dd588faa57dd1532455f,True,True,True,clean,0,
commons-io,c3471687e0dd5065ad7ad3878a71fcf5a921c9a3,True,True,True,clean,0,
commons-io,6921f87e35cfbd5d725011883b9d1c492f26b31d,True,True,True,clean,0,
commons-io,9600e9afca238a447547f11cb9bf136ce0c5a663,True,True,True,clean,0,
commons-io,266bcc4d5d0fbd230756539f93acd9fc5ddd2c5c,True,True,True,clean,0,
commons-io,9ce4c8398bcddd0c7db96330162d470c5a4c061e,True,True,True,clean,0,
commons-io,b1842c0e0c5af94976ce6504c78e7ef6200abec9,True,True,True,clean,0,
commons-io,f62bc91596d4fe9290ce022b0479cf1aaf5ef4f8,True,True,True,clean,0,
commons-io,6b4e35dc7fa1993983d48f32cc7def314cb8d6c9,True,True,True,clean,0,
commons-io,3ddd67183a6241ee628251bb60d37a7d304963e0,True,True,True,clean,0,
commons-io,9a35bb0d07849486bcf92c74a8e24574f34aab14,True,True,True,clean,0,
commons-io,4b5db3488c0e2e7ee65fadd9ebebfd681dbdc23a,True,True,True,clean,0,
commons-io,d8b480793e9337e5a72125a73bdcd4c5c8002684,True,True,True,clean,0,
commons-io,f8a80699363e4a1d749b0207d566f27b193a07cc,True,True,True,clean,0,
commons-io,750ec08f68fb45000d4f9c2592f43352bbb2e5f2,True,True,True,clean,0,
commons-io,84628e28779d9b1f4d0b43d83c5056168085f096,True,True,True,clean,0,
commons-io,c53cab56e5f078e2500970a01bdf1c7bf350fdaa,True,True,True,clean,0,
commons-io,bc80b9ae48bc4e74781ef485e389f08fa5b788f1,True,True,True,clean,0,
commons-io,42e76965c151d6c2be0fe3359c837e80bae9b3c2,True,True,True,clean,0,
commons-io,81d825517ca90c2ef8a5e8d10ecf36ed95aad984,True,True,True,clean,0,
commons-io,f9225c549de4f4c819bf9f925f04df3941f27f2c,True,True,True,clean,0,
commons-io,92c5d8d36b1b37af85d9dcd214138b7f72cb2eb2,True,True,True,clean,0,
commons-io,5e103b46a3ae581a1da7eaf3fced605aeea9c08d,True,True,True,clean,0,
commons-io,c146a948b515bb0752047339afe0c94e4234c2a8,True,True,True,clean,0,
commons-io,302c9d1ae9d44c677fc9f35cd9b3bfe2fe77bf08,True,True,True,clean,0,
commons-io,c8130d72529c1b845c7f10aea7b6ef7fc2788c77,True,True,True,clean,0,
commons-io,05176a75580307404fcd91ac380175daa9048fa2,True,True,True,clean,0,
commons-io,eaf44e440db100c5222be7988ce4f14fb0aeb55c,True,True,True,clean,0,
commons-io,369e45fe3b179bd44af9f19bc22187b3fa5a7fd3,True,True,True,clean,0,
commons-io,b8690c086d18f38d86a06080422674d317e33f71,True,True,True,clean,0,
commons-io,021879c4e8a80da4d814d6777d9dcbb215357e67,True,True,True,clean,0,
commons-io,61d5459230d97432790585f3a738a804e7923119,True,True,True,clean,0,
commons-io,2d7fef18c6ec90bd30d7e29a14a5967011a2fc4f,False,False,False,skip(parent/no-src),,C:\Users\tamiz\AppData\Local\Temp\tmpq8yn0ob1\src\main\java\org\apache\commons\io\input\BufferedFileChannelInputStream.java:31: error: package sun.nio.ch does not exist
commons-io,724125eff6608884b0ac1c59f62695ecf43e5c8a,False,False,False,skip(parent/no-src),,C:\Users\tamiz\AppData\Local\Temp\tmph8geyt69\src\main\java\org\apache\commons\io\input\BufferedFileChannelInputStream.java:29: error: package sun.nio.ch does not exist
commons-io,d5bb4ec469995d9b3302397298fa3c59240b3019,False,False,False,skip(parent/no-src),,C:\Users\tamiz\AppData\Local\Temp\tmp8juqd70m\src\main\java\org\apache\commons\io\input\BufferedFileChannelInputStream.java:29: error: package sun.nio.ch does not exist
commons-io,77597df19476afa40244cb7d414a66971f817530,False,False,False,skip(parent/no-src),,C:\Users\tamiz\AppData\Local\Temp\tmpx4hq5ss8\src\main\java\org\apache\commons\io\input\BufferedFileChannelInputStream.java:29: error: package sun.nio.ch does not exist
commons-io,34ce9f0989e47daa9a7c821bbaaf84c138aa1117,False,False,False,skip(parent/no-src),,C:\Users\tamiz\AppData\Local\Temp\tmp8586dxkh\src\main\java\org\apache\commons\io\input\BufferedFileChannelInputStream.java:29: error: package sun.nio.ch does not exist
commons-io,85737d13dae292040dd75293bfb6ee4a6b6c3f26,False,False,False,skip(parent/no-src),,C:\Users\tamiz\AppData\Local\Temp\tmptlu3resf\src\main\java\org\apache\commons\io\input\BufferedFileChannelInputStream.java:29: error: package sun.nio.ch does not exist
commons-io,d3a51772915cff2b36aebf4622dd367ad60f6459,False,True,False,skip(parent/no-src),,C:\Users\tamiz\AppData\Local\Temp\tmptz61cjjd\src\main\java\org\apache\commons\io\input\BufferedFileChannelInputStream.java:29: error: cannot find symbol
commons-io,b803066005e1244932146aa904f05b420ca689a3,True,True,True,clean,0,
commons-io,0fdef9fc5d5249a006712ba23829adb1f400a725,True,True,True,clean,0,
commons-io,e64f29c6195fa036affbc3488aa28769742bb76e,True,True,True,clean,0,
commons-io,01f92b184933bf8f333676f0b872cecb8e23466d,,,,textual_conflict,,
commons-io,d59098202590aef21b614273c87b922c3cea51b1,True,True,True,clean,0,
commons-io,7adaaca7002ac57031c4786ee5d3c1f98a2b4acf,True,True,True,clean,0,
commons-io,c244009bedb5c0a018d5402d9241f0f1eac3ef84,True,True,True,clean,0,
commons-io,93eada500cdfd4e3f44914e81c378814555fdb2b,True,True,True,clean,0,
commons-io,257d6f423ec5e3e15e136b72fd686c49208b1aa1,True,True,True,clean,0,
commons-io,71bfef486b2e7713947e317ea843dc15f533a785,True,True,True,clean,0,
commons-io,3ddc2f948d7db50c20b197ef4024cf47642278b2,True,True,True,clean,0,
commons-io,2bb2ab0b322e65bbd7b4d88c71c17e7b8465ffa7,True,True,True,clean,0,
commons-io,dc1348ea72a83ca291309bd3aa79043e15304ced,True,True,True,clean,0,
commons-io,761605b23c4dba3ad0e6df164a7941fa46ae6139,True,True,True,clean,0,
commons-io,e85750d2f8bb9f28a4dc2b32b625e2dfdeb8c015,,,,textual_conflict,,
commons-io,76573da120a550720f17d9f1cd6fa7af98fb2fb1,True,True,True,clean,0,
commons-io,2fd345578627290e3e6e713a1e1ea1b540f756f7,True,True,True,clean,0,
commons-io,a9e8244e42a3c746c27db06544d027fb897fe17e,True,True,True,clean,0,
commons-io,58b0f795b31482daa6bb5473a8b2c398e029f5fb,True,True,True,clean,0,
commons-io,e5f5eac9e65620e4697b922e0f49b7bbdb90695e,True,True,True,clean,0,
commons-io,cfb682e9da63f308d26e547bb7d0b350ef3eda42,True,True,True,clean,0,
commons-io,748eef8b96068cadc45894967f58f015860afb1b,True,True,True,clean,0,
commons-io,2c30851e4de51181b018a4e0d6605ee2c9776695,True,True,True,clean,0,
commons-io,5e2ace28efe0476feb6a32794fe6b5e90e71eb7e,True,True,True,clean,0,
commons-io,5f88079956ba7fc4551a5fc51dc28d82e33dc65f,,,,textual_conflict,,
commons-io,958657f3c7cdf1f1d81a139b312c032020d582f0,True,True,True,clean,0,
commons-io,4f6b009a28ab7203260330bd93384ef5c07fd062,True,True,True,clean,0,
commons-io,f00d97a6cea0a08c8112ffb8bd0b6847373899ae,True,True,True,clean,0,
commons-io,703228a3d40881ea52faada723726b05f6d77b8a,True,True,True,clean,0,
commons-io,e70975a9155cc53890c0e2fe643e3c382acd5bd3,,,,skip(parent/no-src),,no-src
commons-collections,c23b20d0842d5a18f312b7417444058c27abd966,,,,textual_conflict,,
commons-collections,e9d0c275f93cd7c72eb7a24e809a4d40e874a8b5,True,True,True,clean,0,
commons-collections,0cf09633b39e81c0e0a3c8d69bff2f7005169e14,True,True,True,clean,0,
commons-collections,2228018be1d88154be329327e295558e197e5cb4,True,True,True,clean,0,
commons-collections,a056026a26ef4e5cba6ccffa47fea0ee499fda4b,True,True,True,clean,0,
commons-collections,44a4c030601e3fef334295b547bb48668b71347d,True,True,True,clean,0,
commons-collections,c6305c49740b118d8ca40a8bae53ef0211424f48,True,True,True,clean,0,
commons-collections,5097a20dcf144dcef67b49c50840cff7d011c118,True,True,True,clean,0,
commons-collections,302411ab0d0c70d78c5565de98665f3834d8ed2a,True,True,True,clean,0,
commons-collections,3a22be2c1c2c92354b10874bfae8c4b46fdaaec2,True,True,True,clean,0,
commons-collections,3322769985ed472a9f7927e019113ef3755d1d1a,True,True,True,clean,0,
commons-collections,d9d94e4631c7bd1149b9950feb0c7e629731659b,True,True,True,clean,0,
commons-collections,20a877f04ab1864dda210d26d9a2745e85fc3e8e,True,True,True,clean,0,
commons-collections,956eb47745e740b39186c706ba86dba58b3a6441,True,True,True,clean,0,
commons-collections,7e96acbf58d692ecd3819e506fab863cbae5d44e,True,True,True,clean,0,
commons-collections,26e733fec01a7edaacbaf4e1651deeddc99b2b85,True,True,True,clean,0,
commons-collections,57c9348430907a62a593f8ab4785d75cd3c6f8f1,True,True,True,clean,0,
commons-collections,720c9e5c9630cecb9e8267029de86ea23a3aa2c9,True,True,True,clean,0,
commons-collections,09dd28409ef1ccc1182108274575087cb40b1a58,True,True,True,clean,0,
commons-collections,d28a7fba0b7197356100ae3cdd4f26e61ca9ce82,True,True,True,clean,0,
commons-collections,ae7219445dc063e9cc090e338fae1d7ec3bfcbe4,True,True,True,clean,0,
commons-collections,36b23c5455d607443e740d935463a2279c9a00c7,True,True,True,clean,0,
commons-collections,c3ecf963e42c7c7ba7c3fbd4d4ba74a8b4c83d08,True,True,True,clean,0,
commons-collections,14215e5bdd1aeea699da63ff2b2a6b7d2c663bef,True,True,True,clean,0,
commons-collections,8279d9ba4618259536a9cd16edbab83723a4f4b3,True,True,True,clean,0,
commons-collections,9bbfad5db3a0dc5a7f354e014249ecce5dfb3a60,True,True,True,clean,0,
commons-collections,304a1bf3f37abb1740e5a1a378b69aa8bd70acfe,True,True,True,clean,0,
commons-collections,06cc4554b52af26bdcb2a2e43bb6022452db87ff,True,True,True,clean,0,
commons-collections,4a398f54ae96f391155563a10227eed4d904ddbe,True,True,True,clean,0,
commons-collections,6f74aef97bb67250debb68a5f3d380f77c5dec3d,True,True,True,clean,0,
commons-collections,ebc66db42635b901a5dce7f5286ba3b2427fc119,True,True,True,clean,0,
commons-collections,c811f541aa74d111cb731736bdfc6071a2084c7c,True,True,True,clean,0,
commons-collections,5e9b391ce2581603a19ca8fb63a9bf96471e8b31,False,False,False,skip(parent/no-src),,C:\Users\tamiz\AppData\Local\Temp\tmp3ije79rr\src\main\java\org\apache\commons\collections4\bloomfilter\hasher\function\Murmur128x64Cyclic.java:19: error: package org.apache.commons.codec.digest does not exist
commons-collections,bc326f8ef5b0d424f4e527e1a05d7cd36d147ef6,False,False,False,skip(parent/no-src),,C:\Users\tamiz\AppData\Local\Temp\tmplib02nws\src\main\java\org\apache\commons\collections4\bloomfilter\hasher\function\Murmur128x64Cyclic.java:19: error: package org.apache.commons.codec.digest does not exist
commons-collections,c6a6d8321ba505f32e2a34adb5c74d54bd9fff28,False,False,False,skip(parent/no-src),,C:\Users\tamiz\AppData\Local\Temp\tmp2llnk55t\src\main\java\org\apache\commons\collections4\bloomfilter\hasher\function\Murmur128x64Cyclic.java:19: error: package org.apache.commons.codec.digest does not exist
commons-collections,4e0fb4f8091088d7a331a1f29835463209f62fc0,False,False,False,skip(parent/no-src),,C:\Users\tamiz\AppData\Local\Temp\tmpc3pzm2r5\src\main\java\org\apache\commons\collections4\bloomfilter\hasher\function\Murmur128x64Cyclic.java:19: error: package org.apache.commons.codec.digest does not exist
commons-collections,4984c960728eda95baa4253748e96f2d4ec9fac9,False,False,False,skip(parent/no-src),,C:\Users\tamiz\AppData\Local\Temp\tmpystwpyrc\src\main\java\org\apache\commons\collections4\bloomfilter\hasher\function\Murmur128x64Cyclic.java:19: error: package org.apache.commons.codec.digest does not exist
commons-collections,cee61e4b761cf57eaa12629ca875c6ca7ae46b38,False,False,False,skip(parent/no-src),,C:\Users\tamiz\AppData\Local\Temp\tmp8se67r00\src\main\java\org\apache\commons\collections4\bloomfilter\hasher\function\Murmur128x64Cyclic.java:19: error: package org.apache.commons.codec.digest does not exist
commons-collections,5b0f22a750450db1b84da27a927147c90630ffd0,False,False,False,skip(parent/no-src),,C:\Users\tamiz\AppData\Local\Temp\tmppdjv7oa1\src\main\java\org\apache\commons\collections4\bloomfilter\hasher\function\Murmur128x64Cyclic.java:19: error: package org.apache.commons.codec.digest does not exist
commons-collections,dfafc5d723a381838695fe39e2b605880856144e,False,False,False,skip(parent/no-src),,C:\Users\tamiz\AppData\Local\Temp\tmpjsxep9pv\src\main\java\org\apache\commons\collections4\bloomfilter\hasher\function\Murmur128x64Cyclic.java:19: error: package org.apache.commons.codec.digest does not exist
commons-collections,ddb4f78cfffc3392d897f7d59b75db946bf3a055,False,False,False,skip(parent/no-src),,C:\Users\tamiz\AppData\Local\Temp\tmpa46fd51f\src\main\java\org\apache\commons\collections4\bloomfilter\hasher\function\Murmur128x64Cyclic.java:19: error: package org.apache.commons.codec.digest does not exist
commons-collections,dd140af5e660a6afabe238692ecae276846099c4,False,False,False,skip(parent/no-src),,C:\Users\tamiz\AppData\Local\Temp\tmpfpynls3f\src\main\java\org\apache\commons\collections4\bloomfilter\hasher\function\Murmur128x64Cyclic.java:19: error: package org.apache.commons.codec.digest does not exist
commons-collections,e77c1d875ef3ac4a07c967e88c5b46a4597339c0,False,False,False,skip(parent/no-src),,C:\Users\tamiz\AppData\Local\Temp\tmpggjnt3rs\src\main\java\org\apache\commons\collections4\bloomfilter\hasher\function\Murmur128x64Cyclic.java:19: error: package org.apache.commons.codec.digest does not exist
commons-collections,756998ff11bca20d339271b7204d3e4d75931631,False,False,False,skip(parent/no-src),,C:\Users\tamiz\AppData\Local\Temp\tmpfdarq0lc\src\main\java\org\apache\commons\collections4\bloomfilter\hasher\function\Murmur128x64Cyclic.java:19: error: package org.apache.commons.codec.digest does not exist
commons-collections,bdfbbcdca2e5487caab92743bff4c4ae8fe86eee,False,False,False,skip(parent/no-src),,C:\Users\tamiz\AppData\Local\Temp\tmppi0ie4ds\src\main\java\org\apache\commons\collections4\bloomfilter\hasher\function\Murmur128x64Cyclic.java:19: error: package org.apache.commons.codec.digest does not exist
commons-collections,7d8b97961263ade3e64b819248f35fdcfc922c81,False,False,False,skip(parent/no-src),,C:\Users\tamiz\AppData\Local\Temp\tmprxagym_3\src\main\java\org\apache\commons\collections4\bloomfilter\hasher\function\Murmur128x64Cyclic.java:19: error: package org.apache.commons.codec.digest does not exist
commons-collections,d87dd86c21b5a76299e57f1577dd433abf8685ac,False,False,False,skip(parent/no-src),,C:\Users\tamiz\AppData\Local\Temp\tmpxln5hvql\src\main\java\org\apache\commons\collections4\bloomfilter\hasher\function\Murmur128x64Cyclic.java:19: error: package org.apache.commons.codec.digest does not exist
commons-collections,8da2bb7ee4bc64cf46611779d9b5c3e7381be7ff,False,False,False,skip(parent/no-src),,C:\Users\tamiz\AppData\Local\Temp\tmpo2npo7ya\src\main\java\org\apache\commons\collections4\bloomfilter\hasher\function\Murmur128x64Cyclic.java:19: error: package org.apache.commons.codec.digest does not exist
commons-collections,6ff944f038666efb7a53b2c3b7ffc86763d4f566,False,False,False,skip(parent/no-src),,C:\Users\tamiz\AppData\Local\Temp\tmpd1984d5r\src\main\java\org\apache\commons\collections4\bloomfilter\hasher\function\Murmur128x64Cyclic.java:19: error: package org.apache.commons.codec.digest does not exist
commons-collections,d4a3e0c220c19a5c85c86aa2046b84200fc26d56,False,False,False,skip(parent/no-src),,C:\Users\tamiz\AppData\Local\Temp\tmpnkk59vuq\src\main\java\org\apache\commons\collections4\bloomfilter\hasher\function\Murmur128x64Cyclic.java:19: error: package org.apache.commons.codec.digest does not exist
commons-collections,e1f23b035d7caeab8333e8df6739eb143b64affb,False,False,False,skip(parent/no-src),,C:\Users\tamiz\AppData\Local\Temp\tmpibsko6rw\src\main\java\org\apache\commons\collections4\bloomfilter\hasher\function\Murmur128x64Cyclic.java:19: error: package org.apache.commons.codec.digest does not exist
commons-collections,e34291f9f53f4a4390983d52643b693505ab7d37,False,False,False,skip(parent/no-src),,C:\Users\tamiz\AppData\Local\Temp\tmp2aajhupq\src\main\java\org\apache\commons\collections4\bloomfilter\hasher\function\Murmur128x64Cyclic.java:19: error: package org.apache.commons.codec.digest does not exist
commons-collections,e4e605f3918c4a75bdc31ec764803b8eb5aa7d9e,False,False,False,skip(parent/no-src),,C:\Users\tamiz\AppData\Local\Temp\tmppgbexn2q\src\main\java\org\apache\commons\collections4\bloomfilter\hasher\function\Murmur128x64Cyclic.java:19: error: package org.apache.commons.codec.digest does not exist
commons-collections,924a27330db7e0400d7bac1b1024af0733c07572,False,False,False,skip(parent/no-src),,C:\Users\tamiz\AppData\Local\Temp\tmp6zdpc0mm\src\main\java\org\apache\commons\collections4\bloomfilter\hasher\function\Murmur128x64Cyclic.java:19: error: package org.apache.commons.codec.digest does not exist
commons-collections,86733aae3af073d10c70cfcd2c9b0d99b33cf7aa,False,False,False,skip(parent/no-src),,C:\Users\tamiz\AppData\Local\Temp\tmpuijm72ha\src\main\java\org\apache\commons\collections4\bloomfilter\hasher\function\Murmur128x64Cyclic.java:19: error: package org.apache.commons.codec.digest does not exist
commons-collections,7ea143a0f25791a23f73c34cab42977664f15ad8,False,False,False,skip(parent/no-src),,C:\Users\tamiz\AppData\Local\Temp\tmpqtai4p89\src\main\java\org\apache\commons\collections4\bloomfilter\hasher\function\Murmur128x64Cyclic.java:19: error: package org.apache.commons.codec.digest does not exist
commons-collections,33366c4d44c0f3801e656f95fa75c349fbad073c,False,False,False,skip(parent/no-src),,C:\Users\tamiz\AppData\Local\Temp\tmp7nztta_7\src\main\java\org\apache\commons\collections4\bloomfilter\hasher\function\Murmur128x64Cyclic.java:19: error: package org.apache.commons.codec.digest does not exist
commons-collections,3391af41ab093d9a1648e8cf8a814fc3282ba6cc,False,False,False,skip(parent/no-src),,C:\Users\tamiz\AppData\Local\Temp\tmp3d1kw8xa\src\main\java\org\apache\commons\collections4\bloomfilter\hasher\function\Murmur128x64Cyclic.java:19: error: package org.apache.commons.codec.digest does not exist
commons-collections,235ae84a997ba823e9b18ed1e2e2336cc2abc714,False,False,False,skip(parent/no-src),,C:\Users\tamiz\AppData\Local\Temp\tmp2554fuq_\src\main\java\org\apache\commons\collections4\bloomfilter\hasher\function\Murmur128x64Cyclic.java:19: error: package org.apache.commons.codec.digest does not exist
commons-collections,d3cde9c181cb0c361ac7cbdc094e1ed1b2ed1169,False,False,False,skip(parent/no-src),,C:\Users\tamiz\AppData\Local\Temp\tmp0c4yb395\src\main\java\org\apache\commons\collections4\bloomfilter\hasher\function\Murmur128x64Cyclic.java:19: error: package org.apache.commons.codec.digest does not exist
commons-collections,aa0b0e52bb2544501fed9990c0db37391b705481,False,False,False,skip(parent/no-src),,C:\Users\tamiz\AppData\Local\Temp\tmpr_wzkkv6\src\main\java\org\apache\commons\collections4\bloomfilter\hasher\function\Murmur128x64Cyclic.java:19: error: package org.apache.commons.codec.digest does not exist
commons-collections,9691a48354d1a97d470b9184bb98da088c97e9d9,False,False,False,skip(parent/no-src),,C:\Users\tamiz\AppData\Local\Temp\tmp2_nydvx7\src\main\java\org\apache\commons\collections4\bloomfilter\hasher\function\Murmur128x64Cyclic.java:19: error: package org.apache.commons.codec.digest does not exist
commons-collections,b84f8d695c7517173e8239e6653b9e3d18aa5278,False,False,False,skip(parent/no-src),,C:\Users\tamiz\AppData\Local\Temp\tmpcyac0gt5\src\main\java\org\apache\commons\collections4\bloomfilter\hasher\function\Murmur128x64Cyclic.java:19: error: package org.apache.commons.codec.digest does not exist
commons-collections,242918e1595db4914640e7e3d76acbb59b388a3c,False,False,False,skip(parent/no-src),,C:\Users\tamiz\AppData\Local\Temp\tmpkrdj_e10\src\main\java\org\apache\commons\collections4\bloomfilter\hasher\function\Murmur128x64Cyclic.java:19: error: package org.apache.commons.codec.digest does not exist
commons-collections,4a980fadc47e1983a7435ec4666763bd8bdea205,False,False,False,skip(parent/no-src),,C:\Users\tamiz\AppData\Local\Temp\tmp4bhguz8x\src\main\java\org\apache\commons\collections4\bloomfilter\hasher\function\Murmur128x64Cyclic.java:19: error: package org.apache.commons.codec.digest does not exist
commons-collections,979d2727ae8df615292524b0b0ae0ff03ab261a9,False,False,False,skip(parent/no-src),,C:\Users\tamiz\AppData\Local\Temp\tmpy3kncph4\src\main\java\org\apache\commons\collections4\bloomfilter\hasher\function\Murmur128x64Cyclic.java:19: error: package org.apache.commons.codec.digest does not exist
commons-collections,70fba6c8e0f82e247c04cb1fbba1233241a081fa,False,False,False,skip(parent/no-src),,C:\Users\tamiz\AppData\Local\Temp\tmptfge0lvn\src\main\java\org\apache\commons\collections4\bloomfilter\hasher\function\Murmur128x64Cyclic.java:19: error: package org.apache.commons.codec.digest does not exist
commons-collections,28f5832fa2d06e9ea8f88d2fe498cc19757f6c70,False,False,False,skip(parent/no-src),,C:\Users\tamiz\AppData\Local\Temp\tmph_hhj3eg\src\main\java\org\apache\commons\collections4\bloomfilter\hasher\function\Murmur128x64Cyclic.java:19: error: package org.apache.commons.codec.digest does not exist
commons-collections,14ff6fae576085767045bff074c35f2b0220b317,False,False,False,skip(parent/no-src),,C:\Users\tamiz\AppData\Local\Temp\tmp_sq00i7v\src\main\java\org\apache\commons\collections4\bloomfilter\hasher\function\Murmur128x64Cyclic.java:19: error: package org.apache.commons.codec.digest does not exist
commons-collections,1d3367b642db8775ce06550ebfa28cda87155342,False,False,False,skip(parent/no-src),,C:\Users\tamiz\AppData\Local\Temp\tmph9odyhv6\src\main\java\org\apache\commons\collections4\bloomfilter\hasher\function\Murmur128x64Cyclic.java:19: error: package org.apache.commons.codec.digest does not exist
commons-collections,7e953fd6dd0d35e19239169edf72298be02d550e,False,False,False,skip(parent/no-src),,C:\Users\tamiz\AppData\Local\Temp\tmptbo5o__b\src\main\java\org\apache\commons\collections4\bloomfilter\hasher\function\Murmur128x64Cyclic.java:19: error: package org.apache.commons.codec.digest does not exist
commons-collections,6c35a010ecebeec30275df1e0727dd4b29778370,False,False,False,skip(parent/no-src),,C:\Users\tamiz\AppData\Local\Temp\tmp7b51u5jo\src\main\java\org\apache\commons\collections4\bloomfilter\hasher\function\Murmur128x64Cyclic.java:19: error: package org.apache.commons.codec.digest does not exist
commons-collections,8db7f684d30bf8df1e34d92e09ef83df8bb876be,False,False,False,skip(parent/no-src),,C:\Users\tamiz\AppData\Local\Temp\tmpafm_06o5\src\main\java\org\apache\commons\collections4\bloomfilter\hasher\function\Murmur128x64Cyclic.java:19: error: package org.apache.commons.codec.digest does not exist
commons-collections,fb3dc8d405eabed156549b59f3db01ccf96cbf1e,False,False,False,skip(parent/no-src),,C:\Users\tamiz\AppData\Local\Temp\tmpfe44vvod\src\main\java\org\apache\commons\collections4\bloomfilter\hasher\function\Murmur128x64Cyclic.java:19: error: package org.apache.commons.codec.digest does not exist
commons-collections,fa11e5702bafb392b20633a0e8c9617cab9a0276,False,False,False,skip(parent/no-src),,C:\Users\tamiz\AppData\Local\Temp\tmpiknc7coq\src\main\java\org\apache\commons\collections4\bloomfilter\hasher\function\Murmur128x64Cyclic.java:19: error: package org.apache.commons.codec.digest does not exist
commons-collections,7d7c8fbdee62cb563f124dffe207b84ba916d5a0,False,False,False,skip(parent/no-src),,C:\Users\tamiz\AppData\Local\Temp\tmpvsrpe1kb\src\main\java\org\apache\commons\collections4\bloomfilter\hasher\function\Murmur128x64Cyclic.java:19: error: package org.apache.commons.codec.digest does not exist
commons-collections,bdf4891009087be1a630306fae0c76454ff7d7bc,False,False,False,skip(parent/no-src),,C:\Users\tamiz\AppData\Local\Temp\tmpw5289pg6\src\main\java\org\apache\commons\collections4\bloomfilter\hasher\function\Murmur128x64Cyclic.java:19: error: package org.apache.commons.codec.digest does not exist
commons-collections,2b30a7b600ebc0c71dea40ec4f517abaa3534382,False,False,False,skip(parent/no-src),,C:\Users\tamiz\AppData\Local\Temp\tmp4cuxmwil\src\main\java\org\apache\commons\collections4\bloomfilter\hasher\function\Murmur128x64Cyclic.java:19: error: package org.apache.commons.codec.digest does not exist
commons-collections,679d515f646ebb0d42fd17bc0bf0bcb15cceab2e,False,False,False,skip(parent/no-src),,C:\Users\tamiz\AppData\Local\Temp\tmpasqletcc\src\main\java\org\apache\commons\collections4\bloomfilter\hasher\function\Murmur128x64Cyclic.java:19: error: package org.apache.commons.codec.digest does not exist
commons-collections,cec45f826fad9e0eeccfcb1805300e75c4dfe5d2,False,False,False,skip(parent/no-src),,C:\Users\tamiz\AppData\Local\Temp\tmppt2vwjug\src\main\java\org\apache\commons\collections4\bloomfilter\hasher\function\Murmur128x64Cyclic.java:19: error: package org.apache.commons.codec.digest does not exist
commons-collections,a60636f5f3dcb9bacdb3ac641e7ef071d7efbb02,False,False,False,skip(parent/no-src),,C:\Users\tamiz\AppData\Local\Temp\tmpmyx5aabq\src\main\java\org\apache\commons\collections4\bloomfilter\hasher\function\Murmur128x64Cyclic.java:19: error: package org.apache.commons.codec.digest does not exist
commons-collections,0fbfbfca658ab7e3c80a2d7ad55eb8b41e9ebb4a,False,False,False,skip(parent/no-src),,C:\Users\tamiz\AppData\Local\Temp\tmpp8s9h6q1\src\main\java\org\apache\commons\collections4\bloomfilter\hasher\function\Murmur128x64Cyclic.java:19: error: package org.apache.commons.codec.digest does not exist
commons-collections,ac61e06bc174b3571364278feef3a6973d98d0c3,False,False,False,skip(parent/no-src),,C:\Users\tamiz\AppData\Local\Temp\tmp1mh2el0s\src\main\java\org\apache\commons\collections4\bloomfilter\hasher\function\Murmur128x64Cyclic.java:19: error: package org.apache.commons.codec.digest does not exist
commons-collections,d5de68c2d1cbc68043605ee5286a4f8d08965053,False,False,False,skip(parent/no-src),,C:\Users\tamiz\AppData\Local\Temp\tmp8608gj9y\src\main\java\org\apache\commons\collections4\bloomfilter\hasher\function\Murmur128x64Cyclic.java:19: error: package org.apache.commons.codec.digest does not exist
commons-collections,62febb3ffbd6bd55d5601fdc137f14e708179e0e,False,False,False,skip(parent/no-src),,C:\Users\tamiz\AppData\Local\Temp\tmp0eqx_9d4\src\main\java\org\apache\commons\collections4\bloomfilter\hasher\function\Murmur128x64Cyclic.java:19: error: package org.apache.commons.codec.digest does not exist
commons-collections,9870779bd48aa8a22b8cad2ce3e60e325a7b3fd9,False,False,False,skip(parent/no-src),,C:\Users\tamiz\AppData\Local\Temp\tmprkbxggyl\src\main\java\org\apache\commons\collections4\bloomfilter\hasher\function\Murmur128x64Cyclic.java:19: error: package org.apache.commons.codec.digest does not exist
commons-collections,7f39d68d2efb53d949be5a66cbbd7f5d0ac756cf,False,False,False,skip(parent/no-src),,C:\Users\tamiz\AppData\Local\Temp\tmpzkn02l1e\src\main\java\org\apache\commons\collections4\bloomfilter\hasher\function\Murmur128x64Cyclic.java:19: error: package org.apache.commons.codec.digest does not exist
commons-collections,477db84c1fc808b7f5ef709fcc114716ecb13fc0,False,False,False,skip(parent/no-src),,C:\Users\tamiz\AppData\Local\Temp\tmp0evq5r04\src\main\java\org\apache\commons\collections4\bloomfilter\hasher\function\Murmur128x64Cyclic.java:19: error: package org.apache.commons.codec.digest does not exist
commons-collections,4d4caa6a92797835ed46d4f8aff361ecf0ad1a18,False,False,False,skip(parent/no-src),,C:\Users\tamiz\AppData\Local\Temp\tmp7amlpcl1\src\main\java\org\apache\commons\collections4\bloomfilter\hasher\function\Murmur128x64Cyclic.java:19: error: package org.apache.commons.codec.digest does not exist
commons-collections,5907d36b262c9e696c32c5ec942535e718002432,False,False,False,skip(parent/no-src),,C:\Users\tamiz\AppData\Local\Temp\tmpqkg91eui\src\main\java\org\apache\commons\collections4\bloomfilter\hasher\function\Murmur128x64Cyclic.java:19: error: package org.apache.commons.codec.digest does not exist
commons-collections,ff178a3b63e777408f712f6039c07441f307ba45,False,False,False,skip(parent/no-src),,C:\Users\tamiz\AppData\Local\Temp\tmpu8b__ero\src\main\java\org\apache\commons\collections4\bloomfilter\hasher\function\Murmur128x64Cyclic.java:19: error: package org.apache.commons.codec.digest does not exist
commons-collections,30f48c3d1d89937b03d1ec84544ee14ecb77b90f,False,False,False,skip(parent/no-src),,C:\Users\tamiz\AppData\Local\Temp\tmpggxa09ey\src\main\java\org\apache\commons\collections4\bloomfilter\hasher\function\Murmur128x64Cyclic.java:19: error: package org.apache.commons.codec.digest does not exist
commons-collections,45ea11ad15cc4d4548d1ac130c99697688922aac,False,False,False,skip(parent/no-src),,C:\Users\tamiz\AppData\Local\Temp\tmpw70xotyx\src\main\java\org\apache\commons\collections4\bloomfilter\hasher\function\Murmur128x64Cyclic.java:19: error: package org.apache.commons.codec.digest does not exist
commons-collections,e20e373fe08e76b2698b2ed4ed8b4f964b0e1e57,False,False,False,skip(parent/no-src),,C:\Users\tamiz\AppData\Local\Temp\tmpbrxdediq\src\main\java\org\apache\commons\collections4\bloomfilter\hasher\function\Murmur128x64Cyclic.java:19: error: package org.apache.commons.codec.digest does not exist
commons-collections,a02a0e699379242f91964354adaf8c44a65d03dc,False,False,False,skip(parent/no-src),,C:\Users\tamiz\AppData\Local\Temp\tmpybfqowa0\src\main\java\org\apache\commons\collections4\bloomfilter\hasher\function\Murmur128x64Cyclic.java:19: error: package org.apache.commons.codec.digest does not exist
commons-collections,fbc3c06d787e1c4e594f1b661ec24adcc43255be,False,False,False,skip(parent/no-src),,C:\Users\tamiz\AppData\Local\Temp\tmp6plnrlaz\src\main\java\org\apache\commons\collections4\bloomfilter\hasher\function\Murmur128x64Cyclic.java:19: error: package org.apache.commons.codec.digest does not exist
commons-collections,f157196e0005dd6b79cd8efb530b272de5e10354,False,False,False,skip(parent/no-src),,C:\Users\tamiz\AppData\Local\Temp\tmphgds36tc\src\main\java\org\apache\commons\collections4\bloomfilter\hasher\function\Murmur128x86Cyclic.java:19: error: package org.apache.commons.codec.digest does not exist
commons-collections,181fe9c708624f9418777c885eb1653a05708294,False,False,False,skip(parent/no-src),,C:\Users\tamiz\AppData\Local\Temp\tmpqmdiqmf2\src\main\java\org\apache\commons\collections4\bloomfilter\hasher\function\Murmur128x86Cyclic.java:20: error: package org.apache.commons.codec.digest does not exist
commons-collections,7b83356791fd6f3df04eeef615cdd4e122ebb590,True,True,True,clean,0,
commons-collections,dd69cc72dc7bc269dc36b46f9cc8225aabd2ee8e,True,True,True,clean,0,
commons-collections,98293b24bde29f0cf76f1f52d30b9519c11f5686,True,True,True,clean,0,
commons-collections,c30586294f4fdc9a542427a86f30a4241d8ea2c9,True,True,True,clean,0,
commons-collections,b398b82c7f5cef6f54a34dbf67d7f48cc8126b1f,True,True,True,clean,0,
commons-collections,843429515ba7537c28d3f6d2a0adde259676b455,True,True,True,clean,0,
commons-collections,1118a1ccddca5b8f982c4268e70a7412a3269cff,True,True,True,clean,0,
commons-collections,42909f82d9303d12fb85b041c4c093778589a15d,True,True,True,clean,0,
commons-collections,f4cc9984c3ea0cb85db6c30c3bba6e6dfdc0b677,True,True,True,clean,0,
commons-collections,5c3315374083d2984597b3fd5f69934ae6a64a81,True,True,True,clean,0,
commons-collections,a5347ebe436c298b04171a632f53ede89461d827,True,True,True,clean,0,
commons-collections,89008f2b154a48545ad36ec9c970ce35f3327ac4,,,,textual_conflict,,
commons-collections,441dbb2e2520ea644be89274a46823b901096f23,True,True,True,clean,0,
commons-collections,0dad34216c390614907f26c88790acc899c6f1d3,True,True,True,clean,0,
commons-collections,ea305b08516979ff3e5688cd5268e8f7a7a1234e,True,True,True,clean,0,
commons-collections,1750ac9848de5799508fe2887c0915f7661727fb,True,True,True,clean,0,
commons-collections,867b5bc637cbdf3b870204d814f9ab4c1b6a9fa3,,,,skip(parent/no-src),,no-src
